user,password
ccdloadtest2@gmail.com,Password12
ccdloadtest102@gmail.com,Password12
ccdloadtest103@gmail.com,Password12
ccdloadtest104@gmail.com,Password12
ccdloadtest105@gmail.com,Password12
ccdloadtest106@gmail.com,Password12
ccdloadtest107@gmail.com,Password12
ccdloadtest108@gmail.com,Password12
ccdloadtest109@gmail.com,Password12
ccdloadtest110@gmail.com,Password12
ccdloadtest111@gmail.com,Password12
ccdloadtest112@gmail.com,Password12
ccdloadtest113@gmail.com,Password12
ccdloadtest114@gmail.com,Password12
ccdloadtest115@gmail.com,Password12
ccdloadtest116@gmail.com,Password12
ccdloadtest117@gmail.com,Password12
ccdloadtest118@gmail.com,Password12
ccdloadtest119@gmail.com,Password12
ccdloadtest120@gmail.com,Password12
ccdloadtest121@gmail.com,Password12
ccdloadtest122@gmail.com,Password12
ccdloadtest123@gmail.com,Password12
ccdloadtest124@gmail.com,Password12
ccdloadtest125@gmail.com,Password12
ccdloadtest126@gmail.com,Password12
ccdloadtest127@gmail.com,Password12
ccdloadtest128@gmail.com,Password12
ccdloadtest129@gmail.com,Password12
ccdloadtest130@gmail.com,Password12
ccdloadtest131@gmail.com,Password12
ccdloadtest132@gmail.com,Password12
ccdloadtest133@gmail.com,Password12
ccdloadtest134@gmail.com,Password12
ccdloadtest135@gmail.com,Password12
ccdloadtest136@gmail.com,Password12
ccdloadtest137@gmail.com,Password12
ccdloadtest138@gmail.com,Password12
ccdloadtest139@gmail.com,Password12
ccdloadtest140@gmail.com,Password12
ccdloadtest141@gmail.com,Password12
ccdloadtest142@gmail.com,Password12
ccdloadtest143@gmail.com,Password12
ccdloadtest144@gmail.com,Password12
ccdloadtest145@gmail.com,Password12
ccdloadtest146@gmail.com,Password12
ccdloadtest147@gmail.com,Password12
ccdloadtest148@gmail.com,Password12
ccdloadtest149@gmail.com,Password12
ccdloadtest150@gmail.com,Password12
ccdloadtest151@gmail.com,Password12
ccdloadtest152@gmail.com,Password12
ccdloadtest153@gmail.com,Password12
ccdloadtest154@gmail.com,Password12
ccdloadtest155@gmail.com,Password12
ccdloadtest156@gmail.com,Password12
ccdloadtest157@gmail.com,Password12
ccdloadtest158@gmail.com,Password12
ccdloadtest159@gmail.com,Password12
ccdloadtest160@gmail.com,Password12
ccdloadtest161@gmail.com,Password12
ccdloadtest162@gmail.com,Password12
ccdloadtest163@gmail.com,Password12
ccdloadtest164@gmail.com,Password12
ccdloadtest165@gmail.com,Password12
ccdloadtest166@gmail.com,Password12
ccdloadtest167@gmail.com,Password12
ccdloadtest168@gmail.com,Password12
ccdloadtest169@gmail.com,Password12
ccdloadtest170@gmail.com,Password12
ccdloadtest171@gmail.com,Password12
ccdloadtest172@gmail.com,Password12
ccdloadtest173@gmail.com,Password12
ccdloadtest174@gmail.com,Password12
ccdloadtest175@gmail.com,Password12
ccdloadtest176@gmail.com,Password12
ccdloadtest177@gmail.com,Password12
ccdloadtest178@gmail.com,Password12
ccdloadtest179@gmail.com,Password12
ccdloadtest180@gmail.com,Password12
ccdloadtest181@gmail.com,Password12
ccdloadtest182@gmail.com,Password12
ccdloadtest183@gmail.com,Password12
ccdloadtest184@gmail.com,Password12
ccdloadtest185@gmail.com,Password12
ccdloadtest186@gmail.com,Password12
ccdloadtest187@gmail.com,Password12
ccdloadtest188@gmail.com,Password12
ccdloadtest189@gmail.com,Password12
ccdloadtest190@gmail.com,Password12
ccdloadtest191@gmail.com,Password12
ccdloadtest192@gmail.com,Password12
ccdloadtest193@gmail.com,Password12
ccdloadtest194@gmail.com,Password12
ccdloadtest195@gmail.com,Password12
ccdloadtest196@gmail.com,Password12
ccdloadtest197@gmail.com,Password12
ccdloadtest198@gmail.com,Password12
ccdloadtest199@gmail.com,Password12
ccdloadtest200@gmail.com,Password12
ccdloadtest201@gmail.com,Password12
ccdloadtest202@gmail.com,Password12
ccdloadtest203@gmail.com,Password12
ccdloadtest204@gmail.com,Password12
ccdloadtest205@gmail.com,Password12
ccdloadtest206@gmail.com,Password12
ccdloadtest207@gmail.com,Password12
ccdloadtest208@gmail.com,Password12
ccdloadtest209@gmail.com,Password12
ccdloadtest210@gmail.com,Password12
ccdloadtest211@gmail.com,Password12
ccdloadtest212@gmail.com,Password12
ccdloadtest213@gmail.com,Password12
ccdloadtest214@gmail.com,Password12
ccdloadtest215@gmail.com,Password12
ccdloadtest216@gmail.com,Password12
ccdloadtest217@gmail.com,Password12
ccdloadtest218@gmail.com,Password12
ccdloadtest219@gmail.com,Password12
ccdloadtest220@gmail.com,Password12
ccdloadtest221@gmail.com,Password12
ccdloadtest222@gmail.com,Password12
ccdloadtest223@gmail.com,Password12
ccdloadtest224@gmail.com,Password12
ccdloadtest225@gmail.com,Password12
ccdloadtest226@gmail.com,Password12
ccdloadtest227@gmail.com,Password12
ccdloadtest228@gmail.com,Password12
ccdloadtest229@gmail.com,Password12
ccdloadtest230@gmail.com,Password12
ccdloadtest231@gmail.com,Password12
ccdloadtest232@gmail.com,Password12
ccdloadtest233@gmail.com,Password12
ccdloadtest234@gmail.com,Password12
ccdloadtest235@gmail.com,Password12
ccdloadtest236@gmail.com,Password12
ccdloadtest237@gmail.com,Password12
ccdloadtest238@gmail.com,Password12
ccdloadtest239@gmail.com,Password12
ccdloadtest240@gmail.com,Password12
ccdloadtest241@gmail.com,Password12
ccdloadtest242@gmail.com,Password12
ccdloadtest243@gmail.com,Password12
ccdloadtest244@gmail.com,Password12
ccdloadtest245@gmail.com,Password12
ccdloadtest246@gmail.com,Password12
ccdloadtest247@gmail.com,Password12
ccdloadtest248@gmail.com,Password12
ccdloadtest249@gmail.com,Password12
ccdloadtest250@gmail.com,Password12
ccdloadtest251@gmail.com,Password12
ccdloadtest252@gmail.com,Password12
ccdloadtest253@gmail.com,Password12
ccdloadtest254@gmail.com,Password12
ccdloadtest255@gmail.com,Password12
ccdloadtest256@gmail.com,Password12
ccdloadtest257@gmail.com,Password12
ccdloadtest258@gmail.com,Password12
ccdloadtest259@gmail.com,Password12
ccdloadtest260@gmail.com,Password12
ccdloadtest261@gmail.com,Password12
ccdloadtest262@gmail.com,Password12
ccdloadtest263@gmail.com,Password12
ccdloadtest264@gmail.com,Password12
ccdloadtest265@gmail.com,Password12
ccdloadtest266@gmail.com,Password12
ccdloadtest267@gmail.com,Password12
ccdloadtest268@gmail.com,Password12
ccdloadtest269@gmail.com,Password12
ccdloadtest270@gmail.com,Password12
ccdloadtest271@gmail.com,Password12
ccdloadtest272@gmail.com,Password12
ccdloadtest273@gmail.com,Password12
ccdloadtest274@gmail.com,Password12
ccdloadtest275@gmail.com,Password12
ccdloadtest276@gmail.com,Password12
ccdloadtest277@gmail.com,Password12
ccdloadtest278@gmail.com,Password12
ccdloadtest279@gmail.com,Password12
ccdloadtest280@gmail.com,Password12
ccdloadtest281@gmail.com,Password12
ccdloadtest282@gmail.com,Password12
ccdloadtest283@gmail.com,Password12
ccdloadtest284@gmail.com,Password12
ccdloadtest285@gmail.com,Password12
ccdloadtest286@gmail.com,Password12
ccdloadtest287@gmail.com,Password12
ccdloadtest288@gmail.com,Password12
ccdloadtest289@gmail.com,Password12
ccdloadtest290@gmail.com,Password12
ccdloadtest291@gmail.com,Password12
ccdloadtest292@gmail.com,Password12
ccdloadtest293@gmail.com,Password12
ccdloadtest294@gmail.com,Password12
ccdloadtest295@gmail.com,Password12
ccdloadtest296@gmail.com,Password12
ccdloadtest297@gmail.com,Password12
ccdloadtest298@gmail.com,Password12
ccdloadtest299@gmail.com,Password12
ccdloadtest300@gmail.com,Password12
ccdloadtest301@gmail.com,Password12