respondent_orgname,respondent_orgref,respuser
pforgrj-fonor,CRCDEZN,pforgrj-fonor-su@mailtest.gov.uk
pforgrj-cbk7j,ND4EASQ,pforgrj-cbk7j-su@mailtest.gov.uk
pforgrj-1ojsy,191Q797,pforgrj-1ojsy-su@mailtest.gov.uk
pforgrj-q0o5d,AU8A50X,pforgrj-q0o5d-su@mailtest.gov.uk
pforgrj-rbh7b,YNADE4S,pforgrj-rbh7b-su@mailtest.gov.uk
pforgrj-w9359,QJ1UURZ,pforgrj-w9359-su@mailtest.gov.uk
pforgrj-hzod4,VAJBL8P,pforgrj-hzod4-su@mailtest.gov.uk
pforgrj-f9r0d,CM4Y0YO,pforgrj-f9r0d-su@mailtest.gov.uk
pforgrj-pmzbf,KQBCMN2,pforgrj-pmzbf-su@mailtest.gov.uk
pforgrj-jdh8g,0LMUW7J,pforgrj-jdh8g-su@mailtest.gov.uk
pforgrj-hcd9s,5GWLK18,pforgrj-hcd9s-su@mailtest.gov.uk
pforgrj-e8qh1,G3H1WJT,pforgrj-e8qh1-su@mailtest.gov.uk
pforgrj-pa4pa,7VY75EQ,pforgrj-pa4pa-su@mailtest.gov.uk
pforgrj-lerde,NH6RGP2,pforgrj-lerde-su@mailtest.gov.uk
pforgrj-b0mes,I617YZP,pforgrj-b0mes-su@mailtest.gov.uk
pforgrj-vj2dt,QHPXP7R,pforgrj-vj2dt-su@mailtest.gov.uk
pforgrj-v9oz3,WOW493M,pforgrj-v9oz3-su@mailtest.gov.uk
pforgrj-umrz1,WQOF73W,pforgrj-umrz1-su@mailtest.gov.uk
pforgrj-846nz,DIUXYTF,pforgrj-846nz-su@mailtest.gov.uk
pforgrj-5zg8v,V1AJ7KH,pforgrj-5zg8v-su@mailtest.gov.uk
pforgrj-crz4v,K3Z6EPL,pforgrj-crz4v-su@mailtest.gov.uk
pforgrj-h3t4w,TFHMLCA,pforgrj-h3t4w-su@mailtest.gov.uk
pforgrj-sxdbp,2ALFX84,pforgrj-sxdbp-su@mailtest.gov.uk
pforgrj-gub5m,VE89FUW,pforgrj-gub5m-su@mailtest.gov.uk
pforgrj-ewp4i,CMULLJL,pforgrj-ewp4i-su@mailtest.gov.uk
pforgrj-5vplf,VBKUKMP,pforgrj-5vplf-su@mailtest.gov.uk
pforgrj-qigl2,NW2MG1E,pforgrj-qigl2-su@mailtest.gov.uk
pforgrj-w5xnw,ZACOJRT,pforgrj-w5xnw-su@mailtest.gov.uk
pforgrj-v3et5,9T4TATH,pforgrj-v3et5-su@mailtest.gov.uk
pforgrj-r0bkq,9W1043V,pforgrj-r0bkq-su@mailtest.gov.uk
pforgrj-oz3ac,55KL2AZ,pforgrj-oz3ac-su@mailtest.gov.uk
pforgrj-myzon,9V673A2,pforgrj-myzon-su@mailtest.gov.uk
pforgrj-rxj1i,69DYIEA,pforgrj-rxj1i-su@mailtest.gov.uk
pforgrj-3mkjj,I20SYPU,pforgrj-3mkjj-su@mailtest.gov.uk
pforgrj-3fu0z,S05PGLL,pforgrj-3fu0z-su@mailtest.gov.uk
pforgrj-z2u82,NA63C95,pforgrj-z2u82-su@mailtest.gov.uk
pforgrj-7g3ey,LRBLC3J,pforgrj-7g3ey-su@mailtest.gov.uk
pforgrj-05nwo,IUCH9ID,pforgrj-05nwo-su@mailtest.gov.uk
pforgrj-14c07,UFVV4BE,pforgrj-14c07-su@mailtest.gov.uk
pforgrj-j9qc7,3PJOAGA,pforgrj-j9qc7-su@mailtest.gov.uk
pforgrj-cxv6f,F06VTW2,pforgrj-cxv6f-su@mailtest.gov.uk
pforgrj-7u1sa,O7URGT4,pforgrj-7u1sa-su@mailtest.gov.uk
pforgrj-uzgp1,V7I5VEZ,pforgrj-uzgp1-su@mailtest.gov.uk
pforgrj-zg4ue,37XXOM5,pforgrj-zg4ue-su@mailtest.gov.uk
pforgrj-95cos,019QHAD,pforgrj-95cos-su@mailtest.gov.uk
pforgrj-3rgmx,UXG6CD6,pforgrj-3rgmx-su@mailtest.gov.uk
pforgrj-4a29c,J7QNOVV,pforgrj-4a29c-su@mailtest.gov.uk
pforgrj-yefhn,BBR1P0B,pforgrj-yefhn-su@mailtest.gov.uk
pforgrj-rgx1a,H1Z3LI6,pforgrj-rgx1a-su@mailtest.gov.uk
pforgrj-w8mjr,EGZHS5O,pforgrj-w8mjr-su@mailtest.gov.uk
pforgrj-cfwhc,RXB8XT0,pforgrj-cfwhc-su@mailtest.gov.uk
pforgrj-fzuqc,MVBZ03F,pforgrj-fzuqc-su@mailtest.gov.uk
pforgrj-9921g,62XPI8U,pforgrj-9921g-su@mailtest.gov.uk
pforgrj-9hltx,FAW802G,pforgrj-9hltx-su@mailtest.gov.uk
pforgrj-7bz41,Q894RU2,pforgrj-7bz41-su@mailtest.gov.uk
pforgrj-5f92q,Y01E60F,pforgrj-5f92q-su@mailtest.gov.uk
pforgrj-lupur,9XWECR4,pforgrj-lupur-su@mailtest.gov.uk
pforgrj-980xh,7ZG0XRB,pforgrj-980xh-su@mailtest.gov.uk
pforgrj-h461q,9HD2OUU,pforgrj-h461q-su@mailtest.gov.uk
pforgrj-kzum5,TLM90G7,pforgrj-kzum5-su@mailtest.gov.uk
pforgrj-10j3p,AFDA02X,pforgrj-10j3p-su@mailtest.gov.uk
pforgrj-77t0p,TIE9E52,pforgrj-77t0p-su@mailtest.gov.uk
pforgrj-p0530,91XB9Z8,pforgrj-p0530-su@mailtest.gov.uk
pforgrj-ojpms,P0P7SS0,pforgrj-ojpms-su@mailtest.gov.uk
pforgrj-jjnyk,ASIFPC7,pforgrj-jjnyk-su@mailtest.gov.uk
pforgrj-ycrxt,Q4GG1QB,pforgrj-ycrxt-su@mailtest.gov.uk
pforgrj-gu9sj,NDC7ZTM,pforgrj-gu9sj-su@mailtest.gov.uk
pforgrj-0z7ez,G194KTS,pforgrj-0z7ez-su@mailtest.gov.uk
pforgrj-4o7ov,OT1WZKV,pforgrj-4o7ov-su@mailtest.gov.uk
pforgrj-c6crn,EZDNLYS,pforgrj-c6crn-su@mailtest.gov.uk
pforgrj-w7ka8,TBTU3QI,pforgrj-w7ka8-su@mailtest.gov.uk
pforgrj-lrvcl,HK054TA,pforgrj-lrvcl-su@mailtest.gov.uk
pforgrj-c4n6j,CJMGSPA,pforgrj-c4n6j-su@mailtest.gov.uk
pforgrj-7xmr6,ZZNU4NV,pforgrj-7xmr6-su@mailtest.gov.uk
pforgrj-77od5,K8HIZF8,pforgrj-77od5-su@mailtest.gov.uk
pforgrj-mvvqq,O6OCCUQ,pforgrj-mvvqq-su@mailtest.gov.uk
pforgrj-kq41g,AMSBP35,pforgrj-kq41g-su@mailtest.gov.uk
pforgrj-l161t,9XH4WWA,pforgrj-l161t-su@mailtest.gov.uk
pforgrj-ijrdm,AB03PQM,pforgrj-ijrdm-su@mailtest.gov.uk
pforgrj-3gqql,7JWJJE2,pforgrj-3gqql-su@mailtest.gov.uk
pforgrj-getrs,D8RSNNF,pforgrj-getrs-su@mailtest.gov.uk
pforgrj-djx9a,6ST2CCS,pforgrj-djx9a-su@mailtest.gov.uk
pforgrj-06a0w,OTIXE5H,pforgrj-06a0w-su@mailtest.gov.uk
pforgrj-27c1f,92HCKZK,pforgrj-27c1f-su@mailtest.gov.uk
pforgrj-kopxd,57J1BU0,pforgrj-kopxd-su@mailtest.gov.uk
pforgrj-qtow3,9XMXNY4,pforgrj-qtow3-su@mailtest.gov.uk
pforgrj-f8u8s,S90H5EA,pforgrj-f8u8s-su@mailtest.gov.uk
pforgrj-5njpn,TR4PPCX,pforgrj-5njpn-su@mailtest.gov.uk
pforgrj-67d5s,9CQZEY9,pforgrj-67d5s-su@mailtest.gov.uk
pforgrj-dx1xf,D6721AJ,pforgrj-dx1xf-su@mailtest.gov.uk
pforgrj-pjw3z,TOKFB72,pforgrj-pjw3z-su@mailtest.gov.uk
pforgrj-z5ls6,FASTUD5,pforgrj-z5ls6-su@mailtest.gov.uk
pforgrj-iua9x,JBVEPTD,pforgrj-iua9x-su@mailtest.gov.uk
pforgrj-pt4yk,P6CLMTM,pforgrj-pt4yk-su@mailtest.gov.uk
pforgrj-byscx,UF8HY3E,pforgrj-byscx-su@mailtest.gov.uk
pforgrj-mvqbv,CI2WNS3,pforgrj-mvqbv-su@mailtest.gov.uk
pforgrj-auken,8Z8P2DP,pforgrj-auken-su@mailtest.gov.uk
pforgrj-6mog9,VN2SGN0,pforgrj-6mog9-su@mailtest.gov.uk
pforgrj-wrvj0,D1BIVKN,pforgrj-wrvj0-su@mailtest.gov.uk
pforgrj-e6rvx,N1707ZQ,pforgrj-e6rvx-su@mailtest.gov.uk
pforgrj-hrdrd,5N6HZ8M,pforgrj-hrdrd-su@mailtest.gov.uk
pforgrj-c6ujz,1BQ5FAI,pforgrj-c6ujz-su@mailtest.gov.uk
pforgrj-i4ixm,XNU9SZN,pforgrj-i4ixm-su@mailtest.gov.uk
pforgrj-ozr75,8Q76611,pforgrj-ozr75-su@mailtest.gov.uk
pforgrj-3x11j,KQZ9NCI,pforgrj-3x11j-su@mailtest.gov.uk
pforgrj-kc37c,VWS40IK,pforgrj-kc37c-su@mailtest.gov.uk
pforgrj-riz5b,FF2UUR8,pforgrj-riz5b-su@mailtest.gov.uk
pforgrj-poebb,ZMU315T,pforgrj-poebb-su@mailtest.gov.uk
pforgrj-oja4e,75GIMIN,pforgrj-oja4e-su@mailtest.gov.uk
pforgrj-gom03,IMIUML4,pforgrj-gom03-su@mailtest.gov.uk
pforgrj-yy7fe,OA1EI4C,pforgrj-yy7fe-su@mailtest.gov.uk
pforgrj-c50oq,N6HVOFG,pforgrj-c50oq-su@mailtest.gov.uk
pforgrj-ej4hl,NP9WXTA,pforgrj-ej4hl-su@mailtest.gov.uk
pforgrj-ptyx0,AD3UR02,pforgrj-ptyx0-su@mailtest.gov.uk
pforgrj-pfd32,W5Q2JUY,pforgrj-pfd32-su@mailtest.gov.uk
pforgrj-upr57,2A75YC8,pforgrj-upr57-su@mailtest.gov.uk
pforgrj-kowjm,ANSIJBY,pforgrj-kowjm-su@mailtest.gov.uk
pforgrj-uziy5,QZ0386B,pforgrj-uziy5-su@mailtest.gov.uk
pforgrj-b96bi,DLDNP86,pforgrj-b96bi-su@mailtest.gov.uk
pforgrj-dz8eg,77YHW85,pforgrj-dz8eg-su@mailtest.gov.uk
pforgrj-0pqdy,28O7ZFA,pforgrj-0pqdy-su@mailtest.gov.uk
pforgrj-ic8ny,IPVTIWP,pforgrj-ic8ny-su@mailtest.gov.uk
pforgrj-mc5q3,AMREF1L,pforgrj-mc5q3-su@mailtest.gov.uk
pforgrj-kyqx5,FY8CZWL,pforgrj-kyqx5-su@mailtest.gov.uk
pforgrj-tbdu3,MF0NY9R,pforgrj-tbdu3-su@mailtest.gov.uk
pforgrj-34a9d,YYXQEN2,pforgrj-34a9d-su@mailtest.gov.uk
pforgrj-ymrs2,WPM29ZL,pforgrj-ymrs2-su@mailtest.gov.uk
pforgrj-udhrg,JE1CVUJ,pforgrj-udhrg-su@mailtest.gov.uk
pforgrj-cjga2,664DBN9,pforgrj-cjga2-su@mailtest.gov.uk
pforgrj-lu96p,FPQNPBS,pforgrj-lu96p-su@mailtest.gov.uk
pforgrj-vflsv,X1YX227,pforgrj-vflsv-su@mailtest.gov.uk
pforgrj-m5q0e,HS2E0YS,pforgrj-m5q0e-su@mailtest.gov.uk
pforgrj-qvcpp,GR7R8D4,pforgrj-qvcpp-su@mailtest.gov.uk
pforgrj-2cnyo,4ZZ2B67,pforgrj-2cnyo-su@mailtest.gov.uk
pforgrj-6ct4s,N1C596G,pforgrj-6ct4s-su@mailtest.gov.uk
pforgrj-oo4sd,FJW0B7Y,pforgrj-oo4sd-su@mailtest.gov.uk
pforgrj-m66se,SDNAAPU,pforgrj-m66se-su@mailtest.gov.uk
pforgrj-l7pv2,06RYYH7,pforgrj-l7pv2-su@mailtest.gov.uk
pforgrj-jxrcz,C5NT739,pforgrj-jxrcz-su@mailtest.gov.uk
pforgrj-8wlyq,LADXU2L,pforgrj-8wlyq-su@mailtest.gov.uk
pforgrj-747zc,MPV16T2,pforgrj-747zc-su@mailtest.gov.uk
pforgrj-ngjzr,YRV9RY7,pforgrj-ngjzr-su@mailtest.gov.uk
pforgrj-hii3a,7PEJUX5,pforgrj-hii3a-su@mailtest.gov.uk
pforgrj-db2ne,L5HRY9F,pforgrj-db2ne-su@mailtest.gov.uk
pforgrj-yxgmg,YJ01E22,pforgrj-yxgmg-su@mailtest.gov.uk
pforgrj-l2zje,JEIM7J8,pforgrj-l2zje-su@mailtest.gov.uk
pforgrj-5iek7,I00U89X,pforgrj-5iek7-su@mailtest.gov.uk
pforgrj-frzqo,NKZNC4A,pforgrj-frzqo-su@mailtest.gov.uk
pforgrj-4qed4,RY086KQ,pforgrj-4qed4-su@mailtest.gov.uk
pforgrj-m29wa,QC2LM9E,pforgrj-m29wa-su@mailtest.gov.uk
pforgrj-luvjd,55HS4G7,pforgrj-luvjd-su@mailtest.gov.uk
pforgrj-rqo0v,7WQS6ZZ,pforgrj-rqo0v-su@mailtest.gov.uk
pforgrj-ovj6m,R6PWWMC,pforgrj-ovj6m-su@mailtest.gov.uk
pforgrj-b0sjv,6VE6E5P,pforgrj-b0sjv-su@mailtest.gov.uk
pforgrj-vq4ax,920KWI2,pforgrj-vq4ax-su@mailtest.gov.uk
pforgrj-ine6z,NO26Y97,pforgrj-ine6z-su@mailtest.gov.uk
pforgrj-lq9d6,KWI7BAB,pforgrj-lq9d6-su@mailtest.gov.uk
pforgrj-myj9a,67UBGUT,pforgrj-myj9a-su@mailtest.gov.uk
pforgrj-lq9zt,2U1CAYG,pforgrj-lq9zt-su@mailtest.gov.uk
pforgrj-blb1q,O19KI92,pforgrj-blb1q-su@mailtest.gov.uk
pforgrj-7wmmz,DFX0OK7,pforgrj-7wmmz-su@mailtest.gov.uk
pforgrj-bpkbr,ILWFEUQ,pforgrj-bpkbr-su@mailtest.gov.uk
pforgrj-pbm58,7QT4PGP,pforgrj-pbm58-su@mailtest.gov.uk
pforgrj-7op9n,82KHD3V,pforgrj-7op9n-su@mailtest.gov.uk
pforgrj-12dd6,ZINDXP1,pforgrj-12dd6-su@mailtest.gov.uk
pforgrj-ies5u,517WK3K,pforgrj-ies5u-su@mailtest.gov.uk
pforgrj-117hk,U2C1XIE,pforgrj-117hk-su@mailtest.gov.uk
pforgrj-ztx6t,ST19XOJ,pforgrj-ztx6t-su@mailtest.gov.uk
pforgrj-2so4d,RRB69DO,pforgrj-2so4d-su@mailtest.gov.uk
pforgrj-zy6u0,UJK819T,pforgrj-zy6u0-su@mailtest.gov.uk
pforgrj-9ylwe,F7B757R,pforgrj-9ylwe-su@mailtest.gov.uk
pforgrj-b9z9w,LVI74OT,pforgrj-b9z9w-su@mailtest.gov.uk
pforgrj-atmq3,20D3FLT,pforgrj-atmq3-su@mailtest.gov.uk
pforgrj-ws05q,W2GQ1CG,pforgrj-ws05q-su@mailtest.gov.uk
pforgrj-k4o38,SPY3E0A,pforgrj-k4o38-su@mailtest.gov.uk
pforgrj-7wnx8,QFH41KM,pforgrj-7wnx8-su@mailtest.gov.uk
pforgrj-ce09b,ZQ4GXQP,pforgrj-ce09b-su@mailtest.gov.uk
pforgrj-sx3rw,SPXWZ3G,pforgrj-sx3rw-su@mailtest.gov.uk
pforgrj-q234i,HBI92MH,pforgrj-q234i-su@mailtest.gov.uk
pforgrj-u6s14,62TX6BR,pforgrj-u6s14-su@mailtest.gov.uk
pforgrj-yw1gg,08FRXG5,pforgrj-yw1gg-su@mailtest.gov.uk
pforgrj-c3wx7,LCMEFK3,pforgrj-c3wx7-su@mailtest.gov.uk
pforgrj-8mps4,OGTL5CZ,pforgrj-8mps4-su@mailtest.gov.uk
pforgrj-0c2k1,FFQM8TH,pforgrj-0c2k1-su@mailtest.gov.uk
pforgrj-2h4nd,0EQRVKI,pforgrj-2h4nd-su@mailtest.gov.uk
pforgrj-mfkus,I824NVH,pforgrj-mfkus-su@mailtest.gov.uk
pforgrj-o6963,EGN9JK7,pforgrj-o6963-su@mailtest.gov.uk
pforgrj-tefhf,S6KNHE5,pforgrj-tefhf-su@mailtest.gov.uk
pforgrj-ksayd,70BWGWD,pforgrj-ksayd-su@mailtest.gov.uk
pforgrj-8nehh,9LJ4Q1T,pforgrj-8nehh-su@mailtest.gov.uk
pforgrj-7tonr,28UIAHI,pforgrj-7tonr-su@mailtest.gov.uk
pforgrj-tjvjm,7VB1TK6,pforgrj-tjvjm-su@mailtest.gov.uk
pforgrj-rmhmk,NCLBBQ5,pforgrj-rmhmk-su@mailtest.gov.uk
pforgrj-kl1hc,6YUG3WY,pforgrj-kl1hc-su@mailtest.gov.uk
pforgrj-21uir,5ZHSPSE,pforgrj-21uir-su@mailtest.gov.uk
pforgrj-30gy8,HJ235F6,pforgrj-30gy8-su@mailtest.gov.uk
pforgrj-42bni,902K1C0,pforgrj-42bni-su@mailtest.gov.uk
pforgrj-ovclz,CBO90XS,pforgrj-ovclz-su@mailtest.gov.uk
pforgrj-c6cts,TB9ZLGD,pforgrj-c6cts-su@mailtest.gov.uk
pforgrj-m11c2,ZJCY2DQ,pforgrj-m11c2-su@mailtest.gov.uk
pforgrj-m36hh,IRQRHN9,pforgrj-m36hh-su@mailtest.gov.uk
pforgrj-40g9n,PCS4H2W,pforgrj-40g9n-su@mailtest.gov.uk
pforgrj-apjo0,GVACH3U,pforgrj-apjo0-su@mailtest.gov.uk
pforgrj-zcag3,GH17Y48,pforgrj-zcag3-su@mailtest.gov.uk
pforgrj-f9a6r,JR2YPBH,pforgrj-f9a6r-su@mailtest.gov.uk
pforgrj-59xr6,R7YTHEC,pforgrj-59xr6-su@mailtest.gov.uk
pforgrj-vmql6,E1O52ST,pforgrj-vmql6-su@mailtest.gov.uk
pforgrj-wcr52,ANQ2FCT,pforgrj-wcr52-su@mailtest.gov.uk
pforgrj-5putu,AUIUOJ0,pforgrj-5putu-su@mailtest.gov.uk
pforgrj-05dxg,B7CWQFH,pforgrj-05dxg-su@mailtest.gov.uk
pforgrj-7qe56,TXZ7QJR,pforgrj-7qe56-su@mailtest.gov.uk
pforgrj-8me0w,D7S38BE,pforgrj-8me0w-su@mailtest.gov.uk
pforgrj-nmkei,VEYNA90,pforgrj-nmkei-su@mailtest.gov.uk
pforgrj-gchsy,SF3584A,pforgrj-gchsy-su@mailtest.gov.uk
pforgrj-xikqh,M55O33I,pforgrj-xikqh-su@mailtest.gov.uk
pforgrj-hzuj8,8PUTRQX,pforgrj-hzuj8-su@mailtest.gov.uk
pforgrj-ajeyp,R4AVHLA,pforgrj-ajeyp-su@mailtest.gov.uk
pforgrj-x3lyg,SCY7R2T,pforgrj-x3lyg-su@mailtest.gov.uk
pforgrj-9l8nn,XJZQIQE,pforgrj-9l8nn-su@mailtest.gov.uk
pforgrj-i5epc,17ASHA7,pforgrj-i5epc-su@mailtest.gov.uk
pforgrj-bzl6u,1M70DV1,pforgrj-bzl6u-su@mailtest.gov.uk
pforgrj-7xgou,3HRP7RY,pforgrj-7xgou-su@mailtest.gov.uk
pforgrj-5m35e,6FZQNEF,pforgrj-5m35e-su@mailtest.gov.uk
pforgrj-ihv2d,I3XUV5K,pforgrj-ihv2d-su@mailtest.gov.uk
pforgrj-y007i,GOG2HHR,pforgrj-y007i-su@mailtest.gov.uk
pforgrj-ep6ai,RU740N7,pforgrj-ep6ai-su@mailtest.gov.uk
pforgrj-ducn0,RNWELX3,pforgrj-ducn0-su@mailtest.gov.uk
pforgrj-br2gq,AKPLS0G,pforgrj-br2gq-su@mailtest.gov.uk
pforgrj-frfwr,UMVTVF0,pforgrj-frfwr-su@mailtest.gov.uk
pforgrj-8jkxs,WWZ9CE3,pforgrj-8jkxs-su@mailtest.gov.uk
pforgrj-zowd2,JBFYB2M,pforgrj-zowd2-su@mailtest.gov.uk
pforgrj-bli5i,6Z256XQ,pforgrj-bli5i-su@mailtest.gov.uk
pforgrj-w852b,Z3MHJTB,pforgrj-w852b-su@mailtest.gov.uk
pforgrj-dj1q9,2MOH4WJ,pforgrj-dj1q9-su@mailtest.gov.uk
pforgrj-4coqz,32HPQU6,pforgrj-4coqz-su@mailtest.gov.uk
pforgrj-e1ey0,53YDVH2,pforgrj-e1ey0-su@mailtest.gov.uk
pforgrj-cn4qi,VFNC6OK,pforgrj-cn4qi-su@mailtest.gov.uk
pforgrj-yd425,7HBCMBP,pforgrj-yd425-su@mailtest.gov.uk
pforgrj-8igkj,2H3OR3B,pforgrj-8igkj-su@mailtest.gov.uk
pforgrj-9kf10,7WG0TRA,pforgrj-9kf10-su@mailtest.gov.uk
pforgrj-oboin,WUJ8KO6,pforgrj-oboin-su@mailtest.gov.uk
pforgrj-qzadt,N3VWREI,pforgrj-qzadt-su@mailtest.gov.uk
pforgrj-ptc54,GJ66Z0D,pforgrj-ptc54-su@mailtest.gov.uk
pforgrj-np9mf,LWA4FJF,pforgrj-np9mf-su@mailtest.gov.uk
pforgrj-8429q,MZE7KU4,pforgrj-8429q-su@mailtest.gov.uk
pforgrj-rk20i,F4BP4JQ,pforgrj-rk20i-su@mailtest.gov.uk
pforgrj-v3xoc,B7U826V,pforgrj-v3xoc-su@mailtest.gov.uk
