orgName,orgRefCode,generatedEmail
divorg-otywl,PXO1M2Y,divorg-otywl-superuser@mailinator.com
divorg-tzgbz,5YOE7F8,divorg-tzgbz-superuser@mailinator.com
divorg-6h174,TG53J7Y,divorg-6h174-superuser@mailinator.com
divorg-n8ukb,264U1VW,divorg-n8ukb-superuser@mailinator.com
divorg-biw2y,H6CTSS5,divorg-biw2y-superuser@mailinator.com
divorg-fczj5,4S2JMXL,divorg-fczj5-superuser@mailinator.com
divorg-z9ivm,9XSOKWN,divorg-z9ivm-superuser@mailinator.com
divorg-kvf7v,D22SSXZ,divorg-kvf7v-superuser@mailinator.com
divorg-uo3fa,XLRQN7L,divorg-uo3fa-superuser@mailinator.com
divorg-606no,X3V5U3U,divorg-606no-superuser@mailinator.com
divorg-zu2kl,PJXQD43,divorg-zu2kl-superuser@mailinator.com
divorg-zg8ds,NM1IIV6,divorg-zg8ds-superuser@mailinator.com
divorg-k87f1,V9D6OCH,divorg-k87f1-superuser@mailinator.com
divorg-uszgh,8KJ7L3T,divorg-uszgh-superuser@mailinator.com
divorg-3urj2,GP842W1,divorg-3urj2-superuser@mailinator.com
divorg-xg2mr,87GGV0F,divorg-xg2mr-superuser@mailinator.com
divorg-ot1b8,U93XKLP,divorg-ot1b8-superuser@mailinator.com
divorg-weepd,YQVINN8,divorg-weepd-superuser@mailinator.com
divorg-4sc3b,PEBM130,divorg-4sc3b-superuser@mailinator.com
divorg-sqxce,OBF8R81,divorg-sqxce-superuser@mailinator.com
divorg-6tcey,48VCHNJ,divorg-6tcey-superuser@mailinator.com
divorg-bh7n0,BIIJAIT,divorg-bh7n0-superuser@mailinator.com
divorg-ttuww,IQHIWNG,divorg-ttuww-superuser@mailinator.com
divorg-ujn8r,9UMBNCN,divorg-ujn8r-superuser@mailinator.com
divorg-g9ofz,6CTH5ZI,divorg-g9ofz-superuser@mailinator.com
divorg-qmw59,31IKFZT,divorg-qmw59-superuser@mailinator.com
divorg-61clt,ADFLSWP,divorg-61clt-superuser@mailinator.com
divorg-l5hzf,MVC3SFG,divorg-l5hzf-superuser@mailinator.com
divorg-bgtpj,X87XCKU,divorg-bgtpj-superuser@mailinator.com
divorg-1eatm,JIZ3O7S,divorg-1eatm-superuser@mailinator.com
divorg-p2vl8,NWU67OJ,divorg-p2vl8-superuser@mailinator.com
divorg-0pdhs,2W6FES6,divorg-0pdhs-superuser@mailinator.com
divorg-adqwr,CX4NZJQ,divorg-adqwr-superuser@mailinator.com
divorg-qqdpc,3F0S5ZW,divorg-qqdpc-superuser@mailinator.com
divorg-f3xj3,KOXOW5J,divorg-f3xj3-superuser@mailinator.com
divorg-xwt9c,HITTR2L,divorg-xwt9c-superuser@mailinator.com
divorg-5f4ov,0WOF4RA,divorg-5f4ov-superuser@mailinator.com
divorg-xa4jz,0YR5KGU,divorg-xa4jz-superuser@mailinator.com
divorg-bi864,XGJ27OA,divorg-bi864-superuser@mailinator.com
divorg-r5l0y,IRCYRE2,divorg-r5l0y-superuser@mailinator.com
divorg-loj4n,WW4LWUS,divorg-loj4n-superuser@mailinator.com
divorg-funoo,V9L265H,divorg-funoo-superuser@mailinator.com
divorg-3s7sm,S9963CG,divorg-3s7sm-superuser@mailinator.com
divorg-grr8v,6MLF8IM,divorg-grr8v-superuser@mailinator.com
divorg-8molv,1FY66J6,divorg-8molv-superuser@mailinator.com
divorg-7o1go,4VUACQ2,divorg-7o1go-superuser@mailinator.com
divorg-7yfzh,45GGVPN,divorg-7yfzh-superuser@mailinator.com
divorg-afyv7,LAHVDBL,divorg-afyv7-superuser@mailinator.com
divorg-oh96b,7A2NA7L,divorg-oh96b-superuser@mailinator.com
divorg-vi202,JB3XIEO,divorg-vi202-superuser@mailinator.com
divorg-gd8l5,XLBR5T6,divorg-gd8l5-superuser@mailinator.com
divorg-691in,TPWRBCP,divorg-691in-superuser@mailinator.com
divorg-rhmr4,M01E2GL,divorg-rhmr4-superuser@mailinator.com
divorg-2i5gi,XDV8I0Z,divorg-2i5gi-superuser@mailinator.com
divorg-5jspj,Z1QHLLH,divorg-5jspj-superuser@mailinator.com
divorg-ddq8e,4YTTLD3,divorg-ddq8e-superuser@mailinator.com
divorg-2koiz,8ORMZ5A,divorg-2koiz-superuser@mailinator.com
divorg-wp3s0,J2P2X23,divorg-wp3s0-superuser@mailinator.com
divorg-d5hyh,H127DGH,divorg-d5hyh-superuser@mailinator.com
divorg-wcf30,LFXWFBK,divorg-wcf30-superuser@mailinator.com
divorg-ys493,D4XC34N,divorg-ys493-superuser@mailinator.com
divorg-f1rab,X471A78,divorg-f1rab-superuser@mailinator.com
divorg-h5o1d,0PFNNHN,divorg-h5o1d-superuser@mailinator.com
divorg-dl3lf,UMEOWAW,divorg-dl3lf-superuser@mailinator.com
divorg-o3nfp,JBLP009,divorg-o3nfp-superuser@mailinator.com
divorg-p86qi,NBLP4YX,divorg-p86qi-superuser@mailinator.com
divorg-ipld5,1C1Q5Z3,divorg-ipld5-superuser@mailinator.com
divorg-0m43a,466YO3G,divorg-0m43a-superuser@mailinator.com
divorg-oo1qv,9FS4SJQ,divorg-oo1qv-superuser@mailinator.com
divorg-enj2m,FY150V3,divorg-enj2m-superuser@mailinator.com
divorg-we7um,01248JI,divorg-we7um-superuser@mailinator.com
divorg-8g9kb,1G8XUOA,divorg-8g9kb-superuser@mailinator.com
divorg-rv0yi,H7WVKR5,divorg-rv0yi-superuser@mailinator.com
divorg-3j1dz,OKB74AC,divorg-3j1dz-superuser@mailinator.com
divorg-hnd4m,8RCC3OV,divorg-hnd4m-superuser@mailinator.com
divorg-qzzec,5VOPN54,divorg-qzzec-superuser@mailinator.com
divorg-ele0b,6V5BJ4N,divorg-ele0b-superuser@mailinator.com
divorg-n3579,K3R0193,divorg-n3579-superuser@mailinator.com
divorg-5dbk4,T79CLNB,divorg-5dbk4-superuser@mailinator.com
divorg-jvgbi,Y5DM374,divorg-jvgbi-superuser@mailinator.com
divorg-jdz9k,7MMVVH0,divorg-jdz9k-superuser@mailinator.com
divorg-ej3kr,UWS0X01,divorg-ej3kr-superuser@mailinator.com
divorg-a8mog,1I5X3BC,divorg-a8mog-superuser@mailinator.com
divorg-qoza2,WW3AL12,divorg-qoza2-superuser@mailinator.com
divorg-v36oh,6SRR2NH,divorg-v36oh-superuser@mailinator.com
divorg-owm6f,FY852KO,divorg-owm6f-superuser@mailinator.com
divorg-k9lxd,UYOSGC1,divorg-k9lxd-superuser@mailinator.com
divorg-m9o13,S64UYPS,divorg-m9o13-superuser@mailinator.com
divorg-1vmil,A4LSKQ2,divorg-1vmil-superuser@mailinator.com
divorg-vpj00,MLT9RE7,divorg-vpj00-superuser@mailinator.com
divorg-gzuar,MKV0OUF,divorg-gzuar-superuser@mailinator.com
divorg-ma9nl,IWLM9WW,divorg-ma9nl-superuser@mailinator.com
divorg-efelf,G4EJ421,divorg-efelf-superuser@mailinator.com
divorg-siw8p,11NRXRY,divorg-siw8p-superuser@mailinator.com
divorg-m9uqk,1KH9IO8,divorg-m9uqk-superuser@mailinator.com
divorg-cfeag,6FRF403,divorg-cfeag-superuser@mailinator.com
divorg-d67ci,719TA0T,divorg-d67ci-superuser@mailinator.com
divorg-il9pn,JTV4ZCV,divorg-il9pn-superuser@mailinator.com
divorg-pib6y,UGBEECQ,divorg-pib6y-superuser@mailinator.com
divorg-3k6nc,8B25P1N,divorg-3k6nc-superuser@mailinator.com
divorg-u916h,6YV2RMG,divorg-u916h-superuser@mailinator.com
divorg-xv0sq,529Z6SL,divorg-xv0sq-superuser@mailinator.com
divorg-e7n47,786GSAV,divorg-e7n47-superuser@mailinator.com
divorg-4eqrw,FFIDY4V,divorg-4eqrw-superuser@mailinator.com
divorg-f3lmx,1YEF14O,divorg-f3lmx-superuser@mailinator.com
divorg-2ged2,7JKPEFZ,divorg-2ged2-superuser@mailinator.com
divorg-xypb7,TPYANZM,divorg-xypb7-superuser@mailinator.com
divorg-hkfm7,KWUSQF7,divorg-hkfm7-superuser@mailinator.com
divorg-sdx28,95DXZ56,divorg-sdx28-superuser@mailinator.com
divorg-ra0ig,WULE9RJ,divorg-ra0ig-superuser@mailinator.com
divorg-hkwcs,M6QY9ZU,divorg-hkwcs-superuser@mailinator.com
divorg-kw1ay,9EMLAS3,divorg-kw1ay-superuser@mailinator.com
divorg-2smxr,CGOU8DJ,divorg-2smxr-superuser@mailinator.com
divorg-5zefx,X3BMWU8,divorg-5zefx-superuser@mailinator.com
divorg-70n0w,V1OMZQ8,divorg-70n0w-superuser@mailinator.com
divorg-t2afg,7VQWSTJ,divorg-t2afg-superuser@mailinator.com
divorg-fn8fk,7J1P9OJ,divorg-fn8fk-superuser@mailinator.com
divorg-3jz5e,06IRNNI,divorg-3jz5e-superuser@mailinator.com
divorg-232t3,KGS7JJH,divorg-232t3-superuser@mailinator.com
divorg-uvi6p,QQIR6PP,divorg-uvi6p-superuser@mailinator.com
divorg-keo9m,RH36301,divorg-keo9m-superuser@mailinator.com
divorg-jb6te,GOISIK2,divorg-jb6te-superuser@mailinator.com
divorg-e4r7n,UQVYMV4,divorg-e4r7n-superuser@mailinator.com
divorg-besci,AMWHW46,divorg-besci-superuser@mailinator.com
divorg-65ouy,NIJ8Y3A,divorg-65ouy-superuser@mailinator.com
divorg-x8mpy,WPO18AV,divorg-x8mpy-superuser@mailinator.com
divorg-wonw3,U595LZV,divorg-wonw3-superuser@mailinator.com
divorg-veu7w,CKL5BIO,divorg-veu7w-superuser@mailinator.com
divorg-cf7ve,PD4U385,divorg-cf7ve-superuser@mailinator.com
divorg-c25iz,93ARN7M,divorg-c25iz-superuser@mailinator.com
divorg-m6712,TQI3E23,divorg-m6712-superuser@mailinator.com
divorg-h12ee,61RUO8S,divorg-h12ee-superuser@mailinator.com
divorg-n9ahi,VINTNGF,divorg-n9ahi-superuser@mailinator.com
divorg-pjh35,D8DFKQL,divorg-pjh35-superuser@mailinator.com
divorg-3lqfc,2NQP649,divorg-3lqfc-superuser@mailinator.com
divorg-au33p,6XM5438,divorg-au33p-superuser@mailinator.com
divorg-wnv5z,E88UCLB,divorg-wnv5z-superuser@mailinator.com
divorg-65cf0,HLCGEHM,divorg-65cf0-superuser@mailinator.com
divorg-ptbda,S6HBVCH,divorg-ptbda-superuser@mailinator.com
divorg-p9uey,L90CX67,divorg-p9uey-superuser@mailinator.com
divorg-cte1l,KUKB8R9,divorg-cte1l-superuser@mailinator.com
divorg-vxgb9,DAAYKO5,divorg-vxgb9-superuser@mailinator.com
divorg-d2p9q,QG1S30Y,divorg-d2p9q-superuser@mailinator.com
divorg-8nva4,0ER28Q6,divorg-8nva4-superuser@mailinator.com
divorg-cklvy,9K9Z98S,divorg-cklvy-superuser@mailinator.com
divorg-eucty,3HL3AAF,divorg-eucty-superuser@mailinator.com
divorg-hgyvh,5LPY3ZU,divorg-hgyvh-superuser@mailinator.com
divorg-j5oy1,48T59K8,divorg-j5oy1-superuser@mailinator.com
divorg-uyvko,0QXFIN2,divorg-uyvko-superuser@mailinator.com
divorg-o5yww,FZCCIEO,divorg-o5yww-superuser@mailinator.com
divorg-sz8bk,QJ9ECLY,divorg-sz8bk-superuser@mailinator.com
divorg-b180y,YVZRLN7,divorg-b180y-superuser@mailinator.com
divorg-gxrc1,MDBW1QN,divorg-gxrc1-superuser@mailinator.com
divorg-jfo2q,EDXJDTF,divorg-jfo2q-superuser@mailinator.com
divorg-v0yyq,61EHDUJ,divorg-v0yyq-superuser@mailinator.com
divorg-85oe0,0WH0900,divorg-85oe0-superuser@mailinator.com
divorg-pc48j,48MTPJZ,divorg-pc48j-superuser@mailinator.com
divorg-49rs6,LSSEHHQ,divorg-49rs6-superuser@mailinator.com
divorg-544o4,WKEK274,divorg-544o4-superuser@mailinator.com
divorg-2shuh,L0DBTWQ,divorg-2shuh-superuser@mailinator.com
divorg-sj1ij,N82B00D,divorg-sj1ij-superuser@mailinator.com
divorg-4ykwy,LVTSZTU,divorg-4ykwy-superuser@mailinator.com
divorg-9e79e,MJ7MMUY,divorg-9e79e-superuser@mailinator.com
divorg-b1r0s,JZNR418,divorg-b1r0s-superuser@mailinator.com
divorg-eqx03,TCAZ02V,divorg-eqx03-superuser@mailinator.com
divorg-at9zh,TH6533I,divorg-at9zh-superuser@mailinator.com
divorg-4vbdz,AOO5NUF,divorg-4vbdz-superuser@mailinator.com
divorg-fze3u,KNARC4C,divorg-fze3u-superuser@mailinator.com
divorg-d2osp,2L2OMKS,divorg-d2osp-superuser@mailinator.com
divorg-5l4m1,0N3XYNI,divorg-5l4m1-superuser@mailinator.com
divorg-e6bv8,BVCUWDP,divorg-e6bv8-superuser@mailinator.com
divorg-4qgwi,6I9OKT1,divorg-4qgwi-superuser@mailinator.com
divorg-zv60b,3J62RK2,divorg-zv60b-superuser@mailinator.com
divorg-k1boa,N2IVBYJ,divorg-k1boa-superuser@mailinator.com
divorg-0t82p,V5T8T8J,divorg-0t82p-superuser@mailinator.com
divorg-l8qmf,5JP6IRM,divorg-l8qmf-superuser@mailinator.com
divorg-6hdwk,I61HWJ8,divorg-6hdwk-superuser@mailinator.com
divorg-sxvy9,KKXF9GD,divorg-sxvy9-superuser@mailinator.com
divorg-3kg74,OM01UY6,divorg-3kg74-superuser@mailinator.com
divorg-iwnbd,2KEZUFT,divorg-iwnbd-superuser@mailinator.com
divorg-e2ft5,15V0XP7,divorg-e2ft5-superuser@mailinator.com
divorg-xfm7y,D0M4TW9,divorg-xfm7y-superuser@mailinator.com
divorg-e1uss,ZH7KKML,divorg-e1uss-superuser@mailinator.com
divorg-f129h,GMS672C,divorg-f129h-superuser@mailinator.com
divorg-y9ao1,6D5NGSK,divorg-y9ao1-superuser@mailinator.com
divorg-5l8na,14MNWFA,divorg-5l8na-superuser@mailinator.com
divorg-yti46,LTB6CDK,divorg-yti46-superuser@mailinator.com
divorg-q8wni,Z8T30YY,divorg-q8wni-superuser@mailinator.com
divorg-oauog,90MEW5A,divorg-oauog-superuser@mailinator.com
divorg-lcm9m,S9GPRND,divorg-lcm9m-superuser@mailinator.com
divorg-cm9hr,6Y7GZMQ,divorg-cm9hr-superuser@mailinator.com
divorg-ejw6j,LBEMI41,divorg-ejw6j-superuser@mailinator.com
divorg-iudxn,T9VBX36,divorg-iudxn-superuser@mailinator.com
divorg-ha05l,MKOKJIS,divorg-ha05l-superuser@mailinator.com
divorg-cnvih,1H3DU7F,divorg-cnvih-superuser@mailinator.com
divorg-2pkzr,F24EQU0,divorg-2pkzr-superuser@mailinator.com
divorg-vjsf1,XZC95AZ,divorg-vjsf1-superuser@mailinator.com
divorg-uyrw9,POPOQMR,divorg-uyrw9-superuser@mailinator.com
divorg-wfac8,BOUWOG1,divorg-wfac8-superuser@mailinator.com
divorg-0ouag,4ITGEIW,divorg-0ouag-superuser@mailinator.com
divorg-4n01w,QLCPUED,divorg-4n01w-superuser@mailinator.com
divorg-n1w5u,WEXEKCV,divorg-n1w5u-superuser@mailinator.com
divorg-jzsx1,QDD2SO7,divorg-jzsx1-superuser@mailinator.com
divorg-13ydv,NWXY301,divorg-13ydv-superuser@mailinator.com
divorg-svfgu,K3UUVGE,divorg-svfgu-superuser@mailinator.com
divorg-meery,QZHN4X1,divorg-meery-superuser@mailinator.com
divorg-rkl80,ZFA7PHU,divorg-rkl80-superuser@mailinator.com
divorg-934ux,QDVJZ2B,divorg-934ux-superuser@mailinator.com
divorg-tetnh,F7H3B11,divorg-tetnh-superuser@mailinator.com
divorg-pxjko,4OVXEE8,divorg-pxjko-superuser@mailinator.com
divorg-alb82,MKKSFNU,divorg-alb82-superuser@mailinator.com
divorg-yfeow,0TY6X3Q,divorg-yfeow-superuser@mailinator.com
divorg-o9lqj,WP7O50E,divorg-o9lqj-superuser@mailinator.com
divorg-0ulce,8QE93K7,divorg-0ulce-superuser@mailinator.com
divorg-wynz4,0UD3LFI,divorg-wynz4-superuser@mailinator.com
divorg-gcsbq,8LILP04,divorg-gcsbq-superuser@mailinator.com
divorg-cybsf,6SQMS2L,divorg-cybsf-superuser@mailinator.com
divorg-gh68b,GSHOXL7,divorg-gh68b-superuser@mailinator.com
divorg-p270g,GH9BK72,divorg-p270g-superuser@mailinator.com
divorg-unm17,M34991U,divorg-unm17-superuser@mailinator.com
divorg-fxkug,JC5GX1M,divorg-fxkug-superuser@mailinator.com
divorg-b1ci5,UWMBZZK,divorg-b1ci5-superuser@mailinator.com
divorg-cdh96,7HL2HD9,divorg-cdh96-superuser@mailinator.com
divorg-5i4m0,F3U5M2N,divorg-5i4m0-superuser@mailinator.com
divorg-tv3gi,IBIL2Y3,divorg-tv3gi-superuser@mailinator.com
divorg-k729r,74NSR0H,divorg-k729r-superuser@mailinator.com
divorg-15km5,5DL8ULQ,divorg-15km5-superuser@mailinator.com
divorg-a43wd,JQJM215,divorg-a43wd-superuser@mailinator.com
divorg-zwzeo,RQ9SOXQ,divorg-zwzeo-superuser@mailinator.com
divorg-9r9i3,MA5O00M,divorg-9r9i3-superuser@mailinator.com
divorg-7wzwo,DU3WHZ9,divorg-7wzwo-superuser@mailinator.com
divorg-6uo6o,ND7ZP9O,divorg-6uo6o-superuser@mailinator.com
divorg-gb2sb,9XN9ND8,divorg-gb2sb-superuser@mailinator.com
divorg-5rydz,TEF6891,divorg-5rydz-superuser@mailinator.com
divorg-c17io,9CW6T8J,divorg-c17io-superuser@mailinator.com
divorg-ev6gl,OO3YP5P,divorg-ev6gl-superuser@mailinator.com
divorg-y6zhm,WXPS0KX,divorg-y6zhm-superuser@mailinator.com
divorg-4xxbh,XFHATFT,divorg-4xxbh-superuser@mailinator.com
divorg-us0er,3IQ2SR5,divorg-us0er-superuser@mailinator.com
divorg-td0ee,G682W6N,divorg-td0ee-superuser@mailinator.com
divorg-mzarv,GMYV0KW,divorg-mzarv-superuser@mailinator.com
divorg-vfg6o,J27FSJY,divorg-vfg6o-superuser@mailinator.com
divorg-z018z,EG4FVVB,divorg-z018z-superuser@mailinator.com
divorg-kxp50,LW54VPM,divorg-kxp50-superuser@mailinator.com
divorg-iyqgm,TS9UGZA,divorg-iyqgm-superuser@mailinator.com
divorg-khrw2,2AQM5E5,divorg-khrw2-superuser@mailinator.com
divorg-iphmu,PS6Y847,divorg-iphmu-superuser@mailinator.com
divorg-495se,WR8IACZ,divorg-495se-superuser@mailinator.com
divorg-8rduh,CPILX2R,divorg-8rduh-superuser@mailinator.com
divorg-puw9w,IJBDZ43,divorg-puw9w-superuser@mailinator.com
divorg-u6dbq,XODC1VD,divorg-u6dbq-superuser@mailinator.com
divorg-2epse,F7VYI1D,divorg-2epse-superuser@mailinator.com
divorg-hsw0i,CC2ZXEQ,divorg-hsw0i-superuser@mailinator.com
divorg-ewea2,XZ08A9R,divorg-ewea2-superuser@mailinator.com
divorg-4xivq,PEZNCUQ,divorg-4xivq-superuser@mailinator.com
divorg-3pq8q,7ZHCBX2,divorg-3pq8q-superuser@mailinator.com
divorg-h2y5a,E3TBPLP,divorg-h2y5a-superuser@mailinator.com
divorg-d7mvl,Q8KQMW7,divorg-d7mvl-superuser@mailinator.com
divorg-o68ks,V5TYZ3E,divorg-o68ks-superuser@mailinator.com
divorg-6ragb,TOAX83Z,divorg-6ragb-superuser@mailinator.com
divorg-fi2c8,8LT3RJP,divorg-fi2c8-superuser@mailinator.com
divorg-kar5i,96MJX78,divorg-kar5i-superuser@mailinator.com
divorg-xamla,H4LCD80,divorg-xamla-superuser@mailinator.com
divorg-kvr7a,1X46UD3,divorg-kvr7a-superuser@mailinator.com
divorg-dbd3u,WJJIE38,divorg-dbd3u-superuser@mailinator.com
divorg-ugspt,JAQ4XAJ,divorg-ugspt-superuser@mailinator.com
divorg-9lis3,GINAKAU,divorg-9lis3-superuser@mailinator.com
divorg-5st82,TBT1AUK,divorg-5st82-superuser@mailinator.com
divorg-wm1jw,UNBOWG3,divorg-wm1jw-superuser@mailinator.com
divorg-5m49a,U2TTYP3,divorg-5m49a-superuser@mailinator.com
divorg-0kl92,WI47ZQ5,divorg-0kl92-superuser@mailinator.com
divorg-25sem,C43OSL4,divorg-25sem-superuser@mailinator.com
divorg-q4wex,X1G3585,divorg-q4wex-superuser@mailinator.com
divorg-ol1tg,YO0NANG,divorg-ol1tg-superuser@mailinator.com
divorg-yd09p,7I1AD7C,divorg-yd09p-superuser@mailinator.com
divorg-6h8hf,20NUA22,divorg-6h8hf-superuser@mailinator.com
divorg-x5ewn,6YRVM16,divorg-x5ewn-superuser@mailinator.com
divorg-9oli9,IBE3M3Y,divorg-9oli9-superuser@mailinator.com
divorg-9fyol,54ODBXO,divorg-9fyol-superuser@mailinator.com
divorg-luv6f,C11WITO,divorg-luv6f-superuser@mailinator.com
divorg-l7uis,O2ON85B,divorg-l7uis-superuser@mailinator.com
divorg-34vc9,6LBYF03,divorg-34vc9-superuser@mailinator.com
divorg-drpcf,RS2T06T,divorg-drpcf-superuser@mailinator.com
divorg-zy97e,291GG2D,divorg-zy97e-superuser@mailinator.com
divorg-ua1c4,ROWQLQC,divorg-ua1c4-superuser@mailinator.com
divorg-v8evw,S6O6WVH,divorg-v8evw-superuser@mailinator.com
divorg-xx40o,ZYEQULB,divorg-xx40o-superuser@mailinator.com
divorg-74p3i,AV5MHMI,divorg-74p3i-superuser@mailinator.com
divorg-noo3z,0R9HFJV,divorg-noo3z-superuser@mailinator.com
divorg-499j3,1OPLB3G,divorg-499j3-superuser@mailinator.com
divorg-n4z17,BK7DY33,divorg-n4z17-superuser@mailinator.com
divorg-xhese,Q6XCQAV,divorg-xhese-superuser@mailinator.com
divorg-yzrcb,D6R6OO7,divorg-yzrcb-superuser@mailinator.com
divorg-du3wq,4Y95O8S,divorg-du3wq-superuser@mailinator.com
divorg-p6msb,2FAPJR6,divorg-p6msb-superuser@mailinator.com
divorg-i687q,HZTRYU4,divorg-i687q-superuser@mailinator.com
divorg-h83r3,K0IB1SR,divorg-h83r3-superuser@mailinator.com
divorg-qllct,EFBYZ03,divorg-qllct-superuser@mailinator.com
divorg-7jlx3,ZS0P7YB,divorg-7jlx3-superuser@mailinator.com
divorg-zq7mu,Y0EOHFY,divorg-zq7mu-superuser@mailinator.com
divorg-7x6h1,L42CZ8X,divorg-7x6h1-superuser@mailinator.com
divorg-cvif6,ZJKFWQR,divorg-cvif6-superuser@mailinator.com
divorg-yp5sk,8IAQO1Y,divorg-yp5sk-superuser@mailinator.com
divorg-vc8pu,D75AXL8,divorg-vc8pu-superuser@mailinator.com
divorg-akr7z,W10X1DB,divorg-akr7z-superuser@mailinator.com
divorg-513k6,B5X4M1F,divorg-513k6-superuser@mailinator.com
divorg-65kvm,31D4Y3N,divorg-65kvm-superuser@mailinator.com
divorg-n7f4v,ICIMFF3,divorg-n7f4v-superuser@mailinator.com
divorg-iyczy,9YQAPCF,divorg-iyczy-superuser@mailinator.com
divorg-j2l0z,ZFB4VHG,divorg-j2l0z-superuser@mailinator.com
divorg-7tanp,OOD7IZP,divorg-7tanp-superuser@mailinator.com
divorg-xzgdo,9TCSM9I,divorg-xzgdo-superuser@mailinator.com
divorg-dqrms,J4RWPD3,divorg-dqrms-superuser@mailinator.com
divorg-mpo41,D7YG017,divorg-mpo41-superuser@mailinator.com
divorg-2fbb7,2DWISWD,divorg-2fbb7-superuser@mailinator.com
divorg-0tp9n,8YWQAUQ,divorg-0tp9n-superuser@mailinator.com
divorg-lre9t,JTAB2L4,divorg-lre9t-superuser@mailinator.com
divorg-twxft,YOKORUI,divorg-twxft-superuser@mailinator.com
divorg-4du30,9L2UEP6,divorg-4du30-superuser@mailinator.com
divorg-jspky,CLGEOGZ,divorg-jspky-superuser@mailinator.com
divorg-mik8m,6SDN03Z,divorg-mik8m-superuser@mailinator.com
divorg-5fj1i,Y50G48E,divorg-5fj1i-superuser@mailinator.com
divorg-xz9py,SAWEW9I,divorg-xz9py-superuser@mailinator.com
divorg-cukmj,486O97O,divorg-cukmj-superuser@mailinator.com
divorg-qxxv3,GBB3W67,divorg-qxxv3-superuser@mailinator.com
divorg-w4egb,KSOBWH3,divorg-w4egb-superuser@mailinator.com
divorg-iz04q,TH2HPLL,divorg-iz04q-superuser@mailinator.com
divorg-gin2t,OKK2GZR,divorg-gin2t-superuser@mailinator.com
divorg-v1xki,55SNG8K,divorg-v1xki-superuser@mailinator.com
divorg-5bua3,NUY3VOB,divorg-5bua3-superuser@mailinator.com
divorg-l7fz0,IAQGV9U,divorg-l7fz0-superuser@mailinator.com
divorg-yb3ih,AEU2E44,divorg-yb3ih-superuser@mailinator.com
divorg-gbdvq,S48WHVQ,divorg-gbdvq-superuser@mailinator.com
divorg-spsxq,0TDP9PT,divorg-spsxq-superuser@mailinator.com
divorg-2xz4u,C14T390,divorg-2xz4u-superuser@mailinator.com
divorg-eym58,FP3E6QJ,divorg-eym58-superuser@mailinator.com
divorg-9dm90,J0KRJOX,divorg-9dm90-superuser@mailinator.com
divorg-vh933,A3EERIG,divorg-vh933-superuser@mailinator.com
divorg-n8oek,P37WZRV,divorg-n8oek-superuser@mailinator.com
divorg-06y5q,6005CVT,divorg-06y5q-superuser@mailinator.com
divorg-8p2c8,PSM1GFZ,divorg-8p2c8-superuser@mailinator.com
divorg-9gpc4,G760D55,divorg-9gpc4-superuser@mailinator.com
divorg-9iib1,H9LNIJW,divorg-9iib1-superuser@mailinator.com
divorg-68ax1,11COGAM,divorg-68ax1-superuser@mailinator.com
divorg-y3nxx,5GCVUQA,divorg-y3nxx-superuser@mailinator.com
divorg-zoy9p,PLTJPIL,divorg-zoy9p-superuser@mailinator.com
divorg-erjkn,Z6VOVHD,divorg-erjkn-superuser@mailinator.com
divorg-q6mjp,70H6FGF,divorg-q6mjp-superuser@mailinator.com
divorg-jgaox,FV8JKAL,divorg-jgaox-superuser@mailinator.com
divorg-v2tw1,M7T307T,divorg-v2tw1-superuser@mailinator.com
divorg-196cg,LH8ER9P,divorg-196cg-superuser@mailinator.com
divorg-ybvtv,I3OHYLM,divorg-ybvtv-superuser@mailinator.com
divorg-gnjat,QKAE4JB,divorg-gnjat-superuser@mailinator.com
divorg-6f9lh,W5VE9PZ,divorg-6f9lh-superuser@mailinator.com
divorg-5vgj6,ZFQS71M,divorg-5vgj6-superuser@mailinator.com
divorg-hn4fz,9W0LWXM,divorg-hn4fz-superuser@mailinator.com
divorg-nvtlm,K65XHXG,divorg-nvtlm-superuser@mailinator.com
divorg-yp23z,H7YTEWF,divorg-yp23z-superuser@mailinator.com
divorg-uol82,CF64VM1,divorg-uol82-superuser@mailinator.com
divorg-knfd9,14JKTVA,divorg-knfd9-superuser@mailinator.com
divorg-zom8q,D5GAYKU,divorg-zom8q-superuser@mailinator.com
divorg-3x6hy,LQKQ5CO,divorg-3x6hy-superuser@mailinator.com
divorg-9t2rr,5WQBBNA,divorg-9t2rr-superuser@mailinator.com
divorg-5kw7w,UJTZAH8,divorg-5kw7w-superuser@mailinator.com
divorg-wsg61,JUD800W,divorg-wsg61-superuser@mailinator.com
divorg-qkb9w,URLK6XO,divorg-qkb9w-superuser@mailinator.com
divorg-xvj57,3LD8MPE,divorg-xvj57-superuser@mailinator.com
divorg-j052u,2MHP6WE,divorg-j052u-superuser@mailinator.com
divorg-dn4qu,QHA1SXF,divorg-dn4qu-superuser@mailinator.com
divorg-a1mmx,ZOJ0UAJ,divorg-a1mmx-superuser@mailinator.com
divorg-rp0sh,YMVT9BH,divorg-rp0sh-superuser@mailinator.com
divorg-9uv03,2RTBKYW,divorg-9uv03-superuser@mailinator.com
divorg-x22vl,53P460E,divorg-x22vl-superuser@mailinator.com
divorg-vvo69,HXSWVSO,divorg-vvo69-superuser@mailinator.com
divorg-p8gu7,LC13L7O,divorg-p8gu7-superuser@mailinator.com
divorg-77gue,Z90VCJY,divorg-77gue-superuser@mailinator.com
divorg-0plw1,OMUETF3,divorg-0plw1-superuser@mailinator.com
divorg-kntk5,3STXQYD,divorg-kntk5-superuser@mailinator.com
divorg-7ijo8,QWJNJ2L,divorg-7ijo8-superuser@mailinator.com
divorg-ozrfd,T4M778W,divorg-ozrfd-superuser@mailinator.com
divorg-gmnq9,HL35QMQ,divorg-gmnq9-superuser@mailinator.com
divorg-wbzlo,QC22QZB,divorg-wbzlo-superuser@mailinator.com
divorg-2ipxo,HRH317P,divorg-2ipxo-superuser@mailinator.com
divorg-z8o9q,7U4YXEK,divorg-z8o9q-superuser@mailinator.com
divorg-2rxd9,6B6DGQF,divorg-2rxd9-superuser@mailinator.com
divorg-8gwb8,XVH7GWW,divorg-8gwb8-superuser@mailinator.com
divorg-vr9yy,PC2X484,divorg-vr9yy-superuser@mailinator.com
divorg-k0ncv,INGESOO,divorg-k0ncv-superuser@mailinator.com
divorg-wbu7x,4GFCY86,divorg-wbu7x-superuser@mailinator.com
divorg-kpmts,H49SX7Y,divorg-kpmts-superuser@mailinator.com
divorg-sco5l,SDK9YX5,divorg-sco5l-superuser@mailinator.com
divorg-amgwi,681OA3Q,divorg-amgwi-superuser@mailinator.com
divorg-pie8z,LA0I8ER,divorg-pie8z-superuser@mailinator.com
divorg-vssmt,CG0W5QP,divorg-vssmt-superuser@mailinator.com
divorg-pnnto,0DQ7DB1,divorg-pnnto-superuser@mailinator.com
divorg-502x3,OP5YGJM,divorg-502x3-superuser@mailinator.com
divorg-p1j22,ION3APT,divorg-p1j22-superuser@mailinator.com
