OrgId,emailId
ZSQA030,exui872ecp@mailtest.gov.uk
32S7EMP,exuiny5hz5@mailtest.gov.uk
FI43NO6,exui8tybqc@mailtest.gov.uk
BLPWGY3,exuiaocmry@mailtest.gov.uk
6VBBRP7,exuif0nwsh@mailtest.gov.uk
IUI90TW,exuiehnl7j@mailtest.gov.uk
Q8QRN05,exuiihn5rf@mailtest.gov.uk
Y4LKYXZ,exui50ek4t@mailtest.gov.uk
QL8X42M,exuirp73s6@mailtest.gov.uk
26JVUKN,exuii80j7o@mailtest.gov.uk
NC8934R,exuif6ong3@mailtest.gov.uk
N34SJ58,exui8dys7k@mailtest.gov.uk
V5LPB2Z,exui0z5l1p@mailtest.gov.uk
2WQA8J2,exuinbupki@mailtest.gov.uk
7EZPI4N,exuir1e6zv@mailtest.gov.uk
V96LEC2,exui83ge50@mailtest.gov.uk
3QB6WIT,exui8gyakm@mailtest.gov.uk
FSSA2PU,exuippah67@mailtest.gov.uk
8PHT1FL,exuiuxddj5@mailtest.gov.uk
4Y1R4C0,exui98kbur@mailtest.gov.uk
XIG801D,exuiqogtxa@mailtest.gov.uk
2ONKUWA,exuid0evpp@mailtest.gov.uk
AJW7P84,exuikxh9ns@mailtest.gov.uk
G36J9ZC,exuireeu1g@mailtest.gov.uk
QJNC5B0,exuihsfpk4@mailtest.gov.uk
5813RCV,exuidkkzim@mailtest.gov.uk
UTD54X2,exuitlvvqi@mailtest.gov.uk
FRH37XL,exuibtaivb@mailtest.gov.uk
G49XKRU,exuignduzt@mailtest.gov.uk
8ED6IST,exuielz0wg@mailtest.gov.uk
LJJ718E,exui80nsxy@mailtest.gov.uk
Y659LR7,exuicua5ao@mailtest.gov.uk
M81FFVL,exui91ht9w@mailtest.gov.uk
ZLMW3HM,exuix0iup9@mailtest.gov.uk
B8ZJYWB,exui9f0c2j@mailtest.gov.uk
E92OFNV,exuiwttxer@mailtest.gov.uk
CP4MXH3,exuig3wf99@mailtest.gov.uk
YFYC31D,exui4lqc4v@mailtest.gov.uk
GYP3Y6E,exuiocd35z@mailtest.gov.uk
YNK5X8H,exui2y9ukc@mailtest.gov.uk
CEHX9BI,exui6zimgb@mailtest.gov.uk
V8M6W1S,exui7fma1h@mailtest.gov.uk
93EYFZE,exuihv8wy8@mailtest.gov.uk
8NLJMI4,exuik0qqfi@mailtest.gov.uk
CGG8WK3,exuiczqdfj@mailtest.gov.uk
H59MFKF,exuiuaeba0@mailtest.gov.uk
NL9VGCF,exuig8au4l@mailtest.gov.uk
EDIS03G,exuicxy4zr@mailtest.gov.uk
RUZ7MZQ,exui8dw87r@mailtest.gov.uk
YRV3TN1,exui7buoqu@mailtest.gov.uk
5HQ4ZYK,exuicivi1a@mailtest.gov.uk
2FEIXD5,exuikrddvw@mailtest.gov.uk
DFL9D5C,exuicx2910@mailtest.gov.uk
PIE7A4H,exuia0m66q@mailtest.gov.uk
43G1RAA,exuihydaxj@mailtest.gov.uk
FGAH3E8,exuincb16d@mailtest.gov.uk
DIPX4TM,exuiwotc1g@mailtest.gov.uk
R9PM48V,exuiy1t06p@mailtest.gov.uk
0CG2T0F,exuiclqseo@mailtest.gov.uk
JDVLVE1,exuiraumvg@mailtest.gov.uk
404PTR9,exuiaban0t@mailtest.gov.uk
HAW2HHC,exuizf3me2@mailtest.gov.uk
GX36YYK,exuiz9wzyf@mailtest.gov.uk
QYABL6I,exuivv3zia@mailtest.gov.uk
M0A62YA,exuipy8mrb@mailtest.gov.uk
Q5RWGM0,exuibc2aii@mailtest.gov.uk
EAOSV3J,exuijse86w@mailtest.gov.uk
WMKEII2,exuipeuitj@mailtest.gov.uk
MY2S54M,exuiwlecd1@mailtest.gov.uk
9J03YCW,exuizw6fc8@mailtest.gov.uk
EXE3SWB,exui0iaa3w@mailtest.gov.uk
O0J8R3D,exuiugo2q6@mailtest.gov.uk
LEW6C3V,exuip2zrjw@mailtest.gov.uk
AA5Y1QN,exuidt6kne@mailtest.gov.uk
NLOXUX0,exui1jqagj@mailtest.gov.uk
XUVF7JO,exuierme5z@mailtest.gov.uk
99LQBGZ,exuih3nvyh@mailtest.gov.uk
J658QEH,exuiwstky7@mailtest.gov.uk
JYCX0L2,exuiuh4mh2@mailtest.gov.uk
J8ZH5ZJ,exui7flrzn@mailtest.gov.uk
P088MBY,exuiiquhh7@mailtest.gov.uk
7DKF0E2,exuij7cbze@mailtest.gov.uk
O4JC4WO,exuifl355v@mailtest.gov.uk
PEI768J,exuiwqn4rf@mailtest.gov.uk
ET3G8G3,exuiv6o244@mailtest.gov.uk
GUQGS4F,exuifykx81@mailtest.gov.uk
TRJF0NN,exuix7ggd5@mailtest.gov.uk
L0NLVLN,exui1h07ur@mailtest.gov.uk
7KD0HA5,exui74y8n0@mailtest.gov.uk
JN0CXMC,exui108f2k@mailtest.gov.uk
1DNM5A7,exuitvys2s@mailtest.gov.uk
EFLN5Y1,exuihdwbnq@mailtest.gov.uk
C7JZ79X,exuies0rj7@mailtest.gov.uk
624K2OI,exui5sra0i@mailtest.gov.uk
KHYBBM9,exuinyfirk@mailtest.gov.uk
0LI659T,exuiclfu63@mailtest.gov.uk
2QHZUBH,exuiwg7x2e@mailtest.gov.uk
NE501AU,exui9c9j2s@mailtest.gov.uk
MBA0SXN,exui75c9ba@mailtest.gov.uk
XUU0DQM,exuim1qy5f@mailtest.gov.uk
0E9V76G,exuimiz8kb@mailtest.gov.uk
ENQM9TO,exui9i8j3w@mailtest.gov.uk
PCMAE6U,exuiplguz0@mailtest.gov.uk
RJ6GWV1,exuin7stmj@mailtest.gov.uk
FWU10WP,exuicjmjsi@mailtest.gov.uk
MELJE8P,exuixuptoq@mailtest.gov.uk
WCYT31X,exuiirkyz0@mailtest.gov.uk
TQTG2GB,exui3p7aen@mailtest.gov.uk
MCAGL5R,exuip3og69@mailtest.gov.uk
V33EVA5,exui0lzv02@mailtest.gov.uk
2G5LGNG,exuin0hj0e@mailtest.gov.uk
XX2UPY1,exui1ox1iz@mailtest.gov.uk
WL1CEO4,exuiby7uc1@mailtest.gov.uk
D98MC8X,exui9f4gk7@mailtest.gov.uk
OXRH5O8,exuiiei345@mailtest.gov.uk
X9EOXYS,exuiuqxqd5@mailtest.gov.uk
T9O3O1R,exui6l20ze@mailtest.gov.uk
DO5KYL9,exuiaxc0qx@mailtest.gov.uk
G7QNDBS,exuih1pjfh@mailtest.gov.uk
86JLW29,exuiolh6q0@mailtest.gov.uk
ZXI0LZU,exui3mz046@mailtest.gov.uk
89WNDAZ,exuizofhnn@mailtest.gov.uk
P9LDYPI,exui4uvxqf@mailtest.gov.uk
3A6JQA8,exuid54f8j@mailtest.gov.uk
B0V62QM,exuikf2lhn@mailtest.gov.uk
QWNN1EI,exuiyw7kb5@mailtest.gov.uk
I43QU1J,exuion2afi@mailtest.gov.uk
LKZ7XYR,exuivqvc2n@mailtest.gov.uk
NSF26RA,exui7akh8z@mailtest.gov.uk
PTUMK1S,exuixp5tx7@mailtest.gov.uk
63NXQIF,exui50dz5k@mailtest.gov.uk
SMMC91L,exui7z5rng@mailtest.gov.uk
MX8MTN6,exui0xfbsa@mailtest.gov.uk
8041DP4,exuiwk7adk@mailtest.gov.uk
GKB7CGD,exuip8wfzj@mailtest.gov.uk
5K9GNLL,exuizvpsd5@mailtest.gov.uk
F7NAU9X,exuikcz98o@mailtest.gov.uk
BVA8GW8,exuieqxdc7@mailtest.gov.uk
KVTY8WJ,exui71ifeg@mailtest.gov.uk
WC6QPBD,exui2vs4r2@mailtest.gov.uk
N9QMPDB,exuiy2kr1a@mailtest.gov.uk
CXCVH2N,exuid8i0sc@mailtest.gov.uk
L6OXDBJ,exuikvchhe@mailtest.gov.uk
3OFYGUN,exui955fgw@mailtest.gov.uk
U4GJDLU,exuikjglgp@mailtest.gov.uk
TTV869J,exui0wpze8@mailtest.gov.uk
C3OFMHA,exuiudk1mj@mailtest.gov.uk
WI30ORO,exuiluah35@mailtest.gov.uk
EA82TYY,exui8svgvn@mailtest.gov.uk
ZY9V4E1,exuiqipahk@mailtest.gov.uk
TE6CSZM,exuiddg2ci@mailtest.gov.uk
W2AU2V8,exuih8axn3@mailtest.gov.uk
CJI3Y4J,exuix5fqrf@mailtest.gov.uk
YC2TBN0,exui6xbuyi@mailtest.gov.uk
JLM42CL,exuisoj2kv@mailtest.gov.uk
RZ4QUBR,exuia1mgll@mailtest.gov.uk
1WB9AYJ,exuid5nlxx@mailtest.gov.uk
8ISWPNC,exuiup184c@mailtest.gov.uk
HRX0SGX,exuinr016h@mailtest.gov.uk
HE3MFL5,exui7mirrd@mailtest.gov.uk
3X6VJ78,exuippq3yb@mailtest.gov.uk
9FFDCZ4,exuiy7vavu@mailtest.gov.uk
85UK3J6,exuifb0l3v@mailtest.gov.uk
L2RYP7G,exuilwr0dr@mailtest.gov.uk
6QG11RP,exui2p3clg@mailtest.gov.uk
Z6L89M3,exuiccnwy3@mailtest.gov.uk
P9NJGLR,exui61uw5q@mailtest.gov.uk
T6IB4EB,exui6qx8rw@mailtest.gov.uk
E0UF92K,exuiw5b65o@mailtest.gov.uk
Z8CKXX5,exuivsyzm0@mailtest.gov.uk
D00LSDN,exuiayug0w@mailtest.gov.uk
R07PUNZ,exuijogfor@mailtest.gov.uk
1MFDZ1Q,exuij1wblu@mailtest.gov.uk
3B6EMOL,exuitsyw2r@mailtest.gov.uk
HH1W5FF,exuizw4ap7@mailtest.gov.uk
T8GN98C,exuiv5cybb@mailtest.gov.uk
5R6NMJX,exui0ouqm8@mailtest.gov.uk
33TZBGM,exui70b6bo@mailtest.gov.uk
FVUE9PD,exuijmkznm@mailtest.gov.uk
WY75BX3,exuiy5egtq@mailtest.gov.uk
6K9APE3,exui2cx6kq@mailtest.gov.uk
RRFCQ8G,exuiyl0nb7@mailtest.gov.uk
LZVA6LA,exuin49hwz@mailtest.gov.uk
6EIQP10,exuip7ppfb@mailtest.gov.uk
6QBEOOE,exui2k7trj@mailtest.gov.uk
YZMIE7I,exuil7p6vk@mailtest.gov.uk
EC87PYP,exuitc4aun@mailtest.gov.uk
J1KF3DP,exuie40yfk@mailtest.gov.uk
BZLZRT5,exui5kh65e@mailtest.gov.uk
2AAV8D3,exuivg887e@mailtest.gov.uk
2TSR88F,exuiy187op@mailtest.gov.uk
LRJE2BQ,exuiyqh6bt@mailtest.gov.uk
SE6EASM,exuib9nm25@mailtest.gov.uk
A5NG8XC,exuij35eao@mailtest.gov.uk
3S259S5,exuizgp30i@mailtest.gov.uk
PETK5RS,exuihxhtfz@mailtest.gov.uk
3T6BIVX,exui7yyrmx@mailtest.gov.uk
ZV87P2Q,exuisxswku@mailtest.gov.uk
FP22LWZ,exuid1m1zp@mailtest.gov.uk
5CHHBZQ,exuiet816h@mailtest.gov.uk
EKQC3ZE,exuifbk7og@mailtest.gov.uk
O6Q5Y3Q,exuiwr4wa0@mailtest.gov.uk
M5YNU8Q,exuiuag5mk@mailtest.gov.uk
6TGTDER,exui2tfzpx@mailtest.gov.uk
JX3PLMT,exuiaoj1i0@mailtest.gov.uk
8XLGPVW,exui2pvvqd@mailtest.gov.uk
QS7XHG5,exui34natt@mailtest.gov.uk
3XSGNWQ,exuiv0dahz@mailtest.gov.uk
EKPRLS6,exuiuy380a@mailtest.gov.uk
RS9V445,exuimwm6xt@mailtest.gov.uk
9JA0ORT,exuiqziwsq@mailtest.gov.uk
HL5R8DC,exuia4x47p@mailtest.gov.uk
O96NRHO,exuiapbl7c@mailtest.gov.uk
L1REDBA,exui5xjyzm@mailtest.gov.uk
4HBVKA6,exuinxhgn9@mailtest.gov.uk
MUDY1RF,exuiei8ysx@mailtest.gov.uk
9CO81KM,exui3c4e0i@mailtest.gov.uk
8V3E9DP,exuiofn96q@mailtest.gov.uk
AR6DO6Z,exui87b33s@mailtest.gov.uk
MLT197S,exuip3dowu@mailtest.gov.uk
DF3T4SM,exuigcrkz5@mailtest.gov.uk
JVOX6EC,exui8ok2oz@mailtest.gov.uk
XQ1YWFA,exuiqm6e11@mailtest.gov.uk
J9GHWJ3,exuicxiu46@mailtest.gov.uk
EUW29KQ,exuindxwg7@mailtest.gov.uk
OTV8GU4,exuio05c4y@mailtest.gov.uk
ITCAPN9,exui4zf0b2@mailtest.gov.uk
8JJLG8R,exuiwi5w2w@mailtest.gov.uk
YUYHDC1,exuijbq7xs@mailtest.gov.uk
IF2UE82,exui7oimtt@mailtest.gov.uk
78YNSNV,exui4sthcy@mailtest.gov.uk
MTC5AAJ,exuitjem9o@mailtest.gov.uk
3QJ5C1T,exui9hsvrl@mailtest.gov.uk
XNN8ZAW,exuidc7og0@mailtest.gov.uk
PAO448B,exuivc9o2t@mailtest.gov.uk
IE9V8YD,exui39l4b1@mailtest.gov.uk
YFB0CZF,exui5hf4sl@mailtest.gov.uk
V0YFSCT,exuizd9ooa@mailtest.gov.uk
MKSHN0R,exuiky8ubc@mailtest.gov.uk
AQN70K1,exui1weywm@mailtest.gov.uk
FXK5FDN,exuik5hcg3@mailtest.gov.uk
7CQSNMC,exuipzmae8@mailtest.gov.uk
EK4ASLC,exuit2al7y@mailtest.gov.uk
4B0ELBC,exuioqjdi5@mailtest.gov.uk
T8DS8UN,exuit3pie8@mailtest.gov.uk
KL7PW7P,exuil3coch@mailtest.gov.uk
LWP6ET9,exuiacao8t@mailtest.gov.uk
BL6MVCS,exuimxhkqb@mailtest.gov.uk
33CYE4H,exuirdzuog@mailtest.gov.uk
11CRL58,exuigx56j5@mailtest.gov.uk
L03R90T,exuidh9z9t@mailtest.gov.uk
T1RXBVJ,exuiup51qn@mailtest.gov.uk
W8T4ICE,exui1ncebh@mailtest.gov.uk
73RKNNV,exui82ycti@mailtest.gov.uk
PI3YNXN,exuinwjfxx@mailtest.gov.uk
TZ13MK4,exuimi7yqe@mailtest.gov.uk
1RBCE9E,exuih728kv@mailtest.gov.uk
8KPIVR9,exuiaq9c2z@mailtest.gov.uk
A91UNK5,exuidmp3gk@mailtest.gov.uk
OS0RWG1,exuiy8awuq@mailtest.gov.uk
O94IHL8,exui7ld8cn@mailtest.gov.uk
V9K61XQ,exuid5tp4j@mailtest.gov.uk
RDIRS4O,exuiydncr8@mailtest.gov.uk
0ADEL1G,exuiqctcbm@mailtest.gov.uk
HDMW3TL,exuiimzmhv@mailtest.gov.uk
3ZDQUQU,exuil5z4ir@mailtest.gov.uk
02HPJER,exui26z9sv@mailtest.gov.uk
EYSCB8Z,exuif536s8@mailtest.gov.uk
WH1Y9TQ,exuicyl0ln@mailtest.gov.uk
CVHJM3D,exuiiv3m5r@mailtest.gov.uk
7KQI3PH,exuitrzbvp@mailtest.gov.uk
SR3AP2S,exuilkrqxi@mailtest.gov.uk
R9EHKW5,exuio7k0ds@mailtest.gov.uk
BCN0CN2,exuip3oalz@mailtest.gov.uk
Q41RYW6,exuishcmw0@mailtest.gov.uk
XG3U61B,exui8xzh70@mailtest.gov.uk
M080FER,exui5uah8v@mailtest.gov.uk
P9571VS,exuikca37r@mailtest.gov.uk
4JW86TO,exui863qhy@mailtest.gov.uk
KUT7FZ0,exuih2eot2@mailtest.gov.uk
VG7E9F7,exuiqg3tz5@mailtest.gov.uk
OQ0FQYD,exui8d1y37@mailtest.gov.uk
88AOHNA,exuirbg2jp@mailtest.gov.uk
7QHTQ0E,exuiw2z3qg@mailtest.gov.uk
X57N45S,exuiim3edy@mailtest.gov.uk
5AE8W0F,exuim04t4n@mailtest.gov.uk
PH3USGF,exui0r6oqi@mailtest.gov.uk
FDTD583,exuihr1nt5@mailtest.gov.uk
IF9JLNU,exuib4co69@mailtest.gov.uk
4ARBZ7A,exuitu0d40@mailtest.gov.uk
DQCN31L,exuikucqf9@mailtest.gov.uk
2R7UAWL,exuigvq83u@mailtest.gov.uk
G26M67C,exuizvawdd@mailtest.gov.uk
S5K1JPS,exuijxkl7w@mailtest.gov.uk
1AZFK2P,exui9z4ime@mailtest.gov.uk
QYP1Y7Y,exui3gaj91@mailtest.gov.uk
3NLK5EI,exui0743ba@mailtest.gov.uk
52R77YC,exui7q65lt@mailtest.gov.uk
P13MAHH,exui9ahoq0@mailtest.gov.uk
IZW4FLI,exuih0dr2p@mailtest.gov.uk
