orgname,orgref,superuser,user
probateorg-1l90e,YS0C4QG,probateorg-1l90e_superuser@mailinator.com,probateuser2@mailinator.com
probateorg-1l90e,YS0C4QG,probateorg-1l90e_superuser@mailinator.com,probateuser3@mailinator.com
probateorg-7v7n2,NAGMS8A,probateorg-7v7n2_superuser@mailinator.com,probateuser4@mailinator.com
probateorg-oozr3,DHP72FV,probateorg-oozr3_superuser@mailinator.com,probateuser5@mailinator.com
probateorg-40nu5,K2G5NMX,probateorg-40nu5_superuser@mailinator.com,probateuser6@mailinator.com
probateorg-jphxu,J2YR4AA,probateorg-jphxu_superuser@mailinator.com,probateuser7@mailinator.com
probateorg-bneru,892S498,probateorg-bneru_superuser@mailinator.com,probateuser8@mailinator.com
probateorg-qc38b,G0VDBBB,probateorg-qc38b_superuser@mailinator.com,probateuser9@mailinator.com
probateorg-7v7n2,NAGMS8A,probateorg-7v7n2_superuser@mailinator.com,probateuser10@mailinator.com
probateorg-de1xl,7KNXRUD,probateorg-de1xl_superuser@mailinator.com,probateuser11@mailinator.com
probateorg-oozr3,DHP72FV,probateorg-oozr3_superuser@mailinator.com,probateuser12@mailinator.com
probateorg-bnjsh,WBYY0YJ,probateorg-bnjsh_superuser@mailinator.com,probateuser13@mailinator.com
probateorg-40nu5,K2G5NMX,probateorg-40nu5_superuser@mailinator.com,probateuser14@mailinator.com
probateorg-s9mbn,E7E6FMA,probateorg-s9mbn_superuser@mailinator.com,probateuser15@mailinator.com
probateorg-jphxu,J2YR4AA,probateorg-jphxu_superuser@mailinator.com,probateuser16@mailinator.com
probateorg-ju5il,ENLOY4W,probateorg-ju5il_superuser@mailinator.com,probateuser17@mailinator.com
probateorg-m8ini,I1KXL00,probateorg-m8ini_superuser@mailinator.com,probateuser18@mailinator.com
probateorg-bneru,892S498,probateorg-bneru_superuser@mailinator.com,probateuser19@mailinator.com
probateorg-qc38b,G0VDBBB,probateorg-qc38b_superuser@mailinator.com,probateuser20@mailinator.com
probateorg-c0izy,JNQEKA4,probateorg-c0izy_superuser@mailinator.com,probateuser21@mailinator.com
probateorg-hhw0a,Y6TUA04,probateorg-hhw0a_superuser@mailinator.com,probateuser22@mailinator.com
probateorg-de1xl,7KNXRUD,probateorg-de1xl_superuser@mailinator.com,probateuser23@mailinator.com
probateorg-bnjsh,WBYY0YJ,probateorg-bnjsh_superuser@mailinator.com,probateuser24@mailinator.com
probateorg-txlir,QJ47JFN,probateorg-txlir_superuser@mailinator.com,probateuser25@mailinator.com
probateorg-s9mbn,E7E6FMA,probateorg-s9mbn_superuser@mailinator.com,probateuser26@mailinator.com
probateorg-ju5il,ENLOY4W,probateorg-ju5il_superuser@mailinator.com,probateuser27@mailinator.com
probateorg-2973j,BQXA7CE,probateorg-2973j_superuser@mailinator.com,probateuser29@mailinator.com
probateorg-m8ini,I1KXL00,probateorg-m8ini_superuser@mailinator.com,probateuser30@mailinator.com
probateorg-vweex,MNPG9NZ,probateorg-vweex_superuser@mailinator.com,probateuser31@mailinator.com
probateorg-c0izy,JNQEKA4,probateorg-c0izy_superuser@mailinator.com,probateuser32@mailinator.com
probateorg-l4hc1,4UK1OFP,probateorg-l4hc1_superuser@mailinator.com,probateuser33@mailinator.com
probateorg-hhw0a,Y6TUA04,probateorg-hhw0a_superuser@mailinator.com,probateuser34@mailinator.com
probateorg-aaaz9,91GEEZY,probateorg-aaaz9_superuser@mailinator.com,probateuser35@mailinator.com
probateorg-txlir,QJ47JFN,probateorg-txlir_superuser@mailinator.com,probateuser36@mailinator.com
probateorg-nxk7c,Y08J11G,probateorg-nxk7c_superuser@mailinator.com,probateuser37@mailinator.com
probateorg-3x9o9,R98E4VT,probateorg-3x9o9_superuser@mailinator.com,probateuser38@mailinator.com
probateorg-2973j,BQXA7CE,probateorg-2973j_superuser@mailinator.com,probateuser39@mailinator.com
probateorg-8d0md,ZL2SPGZ,probateorg-8d0md_superuser@mailinator.com,probateuser40@mailinator.com
probateorg-psymp,1I06P7C,probateorg-psymp_superuser@mailinator.com,probateuser42@mailinator.com
probateorg-vweex,MNPG9NZ,probateorg-vweex_superuser@mailinator.com,probateuser41@mailinator.com
probateorg-l4hc1,4UK1OFP,probateorg-l4hc1_superuser@mailinator.com,probateuser43@mailinator.com
probateorg-0437v,0K2P5LS,probateorg-0437v_superuser@mailinator.com,probateuser44@mailinator.com
probateorg-aaaz9,91GEEZY,probateorg-aaaz9_superuser@mailinator.com,probateuser45@mailinator.com
probateorg-mpx2z,G23UNVQ,probateorg-mpx2z_superuser@mailinator.com,probateuser46@mailinator.com
probateorg-nxk7c,Y08J11G,probateorg-nxk7c_superuser@mailinator.com,probateuser47@mailinator.com
probateorg-5pv8h,4I3WG1R,probateorg-5pv8h_superuser@mailinator.com,probateuser48@mailinator.com
probateorg-3x9o9,R98E4VT,probateorg-3x9o9_superuser@mailinator.com,probateuser49@mailinator.com
probateorg-d2ks4,7CXADO7,probateorg-d2ks4_superuser@mailinator.com,probateuser50@mailinator.com
probateorg-d9rm5,9B74MW4,probateorg-d9rm5_superuser@mailinator.com,probateuser51@mailinator.com
probateorg-8d0md,ZL2SPGZ,probateorg-8d0md_superuser@mailinator.com,probateuser52@mailinator.com
probateorg-psymp,1I06P7C,probateorg-psymp_superuser@mailinator.com,probateuser53@mailinator.com
probateorg-p5w5l,XQF9J0H,probateorg-p5w5l_superuser@mailinator.com,probateuser54@mailinator.com
probateorg-7wmyk,2JCCP94,probateorg-7wmyk_superuser@mailinator.com,probateuser56@mailinator.com
probateorg-0437v,0K2P5LS,probateorg-0437v_superuser@mailinator.com,probateuser55@mailinator.com
probateorg-mpx2z,G23UNVQ,probateorg-mpx2z_superuser@mailinator.com,probateuser57@mailinator.com
probateorg-sltkh,4829B3K,probateorg-sltkh_superuser@mailinator.com,probateuser58@mailinator.com
probateorg-5pv8h,4I3WG1R,probateorg-5pv8h_superuser@mailinator.com,probateuser59@mailinator.com
probateorg-0p00t,IVB8C48,probateorg-0p00t_superuser@mailinator.com,probateuser60@mailinator.com
probateorg-d2ks4,7CXADO7,probateorg-d2ks4_superuser@mailinator.com,probateuser61@mailinator.com
probateorg-trgqr,GPY3T8N,probateorg-trgqr_superuser@mailinator.com,probateuser62@mailinator.com
probateorg-d9rm5,9B74MW4,probateorg-d9rm5_superuser@mailinator.com,probateuser63@mailinator.com
probateorg-pklp3,S5G0VUA,probateorg-pklp3_superuser@mailinator.com,probateuser64@mailinator.com
probateorg-h5ajj,ZF8RK0Q,probateorg-h5ajj_superuser@mailinator.com,probateuser66@mailinator.com
probateorg-p5w5l,XQF9J0H,probateorg-p5w5l_superuser@mailinator.com,probateuser65@mailinator.com
probateorg-7wmyk,2JCCP94,probateorg-7wmyk_superuser@mailinator.com,probateuser67@mailinator.com
probateorg-1dq1t,5H78WD0,probateorg-1dq1t_superuser@mailinator.com,probateuser68@mailinator.com
probateorg-sltkh,4829B3K,probateorg-sltkh_superuser@mailinator.com,probateuser69@mailinator.com
probateorg-3hi0j,G4TXVF3,probateorg-3hi0j_superuser@mailinator.com,probateuser70@mailinator.com
probateorg-0p00t,IVB8C48,probateorg-0p00t_superuser@mailinator.com,probateuser71@mailinator.com
probateorg-6gbf7,EV8IOC5,probateorg-6gbf7_superuser@mailinator.com,probateuser72@mailinator.com
probateorg-trgqr,GPY3T8N,probateorg-trgqr_superuser@mailinator.com,probateuser73@mailinator.com
probateorg-t9xp5,23HV8SG,probateorg-t9xp5_superuser@mailinator.com,probateuser74@mailinator.com
probateorg-pklp3,S5G0VUA,probateorg-pklp3_superuser@mailinator.com,probateuser75@mailinator.com
probateorg-h5ajj,ZF8RK0Q,probateorg-h5ajj_superuser@mailinator.com,probateuser77@mailinator.com
probateorg-1diwq,8OWXNXN,probateorg-1diwq_superuser@mailinator.com,probateuser78@mailinator.com
probateorg-1dq1t,5H78WD0,probateorg-1dq1t_superuser@mailinator.com,probateuser79@mailinator.com
probateorg-szlng,WGD80GC,probateorg-szlng_superuser@mailinator.com,probateuser80@mailinator.com
probateorg-6jo9z,XHAQ7SZ,probateorg-6jo9z_superuser@mailinator.com,probateuser81@mailinator.com
probateorg-3hi0j,G4TXVF3,probateorg-3hi0j_superuser@mailinator.com,probateuser82@mailinator.com
probateorg-6gbf7,EV8IOC5,probateorg-6gbf7_superuser@mailinator.com,probateuser83@mailinator.com
probateorg-3m1g7,YGT01WP,probateorg-3m1g7_superuser@mailinator.com,probateuser84@mailinator.com
probateorg-t9xp5,23HV8SG,probateorg-t9xp5_superuser@mailinator.com,probateuser85@mailinator.com
probateorg-e64q8,KKLV7GA,probateorg-e64q8_superuser@mailinator.com,probateuser86@mailinator.com
probateorg-0vre9,UBNML98,probateorg-0vre9_superuser@mailinator.com,probateuser87@mailinator.com
probateorg-1diwq,8OWXNXN,probateorg-1diwq_superuser@mailinator.com,probateuser88@mailinator.com
probateorg-d915p,T0JXHEU,probateorg-d915p_superuser@mailinator.com,probateuser89@mailinator.com
probateorg-szlng,WGD80GC,probateorg-szlng_superuser@mailinator.com,probateuser90@mailinator.com
probateorg-i1u08,USVI5QA,probateorg-i1u08_superuser@mailinator.com,probateuser92@mailinator.com
probateorg-6jo9z,XHAQ7SZ,probateorg-6jo9z_superuser@mailinator.com,probateuser93@mailinator.com
probateorg-5d2tw,3HHBKG2,probateorg-5d2tw_superuser@mailinator.com,probateuser94@mailinator.com
probateorg-3m1g7,YGT01WP,probateorg-3m1g7_superuser@mailinator.com,probateuser95@mailinator.com
probateorg-wlbor,OOQYE1H,probateorg-wlbor_superuser@mailinator.com,probateuser96@mailinator.com
probateorg-e64q8,KKLV7GA,probateorg-e64q8_superuser@mailinator.com,probateuser97@mailinator.com
probateorg-g85en,THCN27L,probateorg-g85en_superuser@mailinator.com,probateuser98@mailinator.com
probateorg-0vre9,UBNML98,probateorg-0vre9_superuser@mailinator.com,probateuser99@mailinator.com
probateorg-g2kud,0M62S32,probateorg-g2kud_superuser@mailinator.com,probateuser100@mailinator.com
probateorg-d915p,T0JXHEU,probateorg-d915p_superuser@mailinator.com,probateuser101@mailinator.com
probateorg-1hr1h,BJA0JMK,probateorg-1hr1h_superuser@mailinator.com,probateuser102@mailinator.com
probateorg-i1u08,USVI5QA,probateorg-i1u08_superuser@mailinator.com,probateuser103@mailinator.com
probateorg-vev2c,2353WRX,probateorg-vev2c_superuser@mailinator.com,probateuser104@mailinator.com
probateorg-5d2tw,3HHBKG2,probateorg-5d2tw_superuser@mailinator.com,probateuser106@mailinator.com
probateorg-wlbor,OOQYE1H,probateorg-wlbor_superuser@mailinator.com,probateuser107@mailinator.com
probateorg-c7iwb,M7YNOER,probateorg-c7iwb_superuser@mailinator.com,probateuser108@mailinator.com
probateorg-g85en,THCN27L,probateorg-g85en_superuser@mailinator.com,probateuser109@mailinator.com
probateorg-fl3e1,XNOTNY6,probateorg-fl3e1_superuser@mailinator.com,probateuser110@mailinator.com
probateorg-g2kud,0M62S32,probateorg-g2kud_superuser@mailinator.com,probateuser111@mailinator.com
probateorg-hg834,9KYNH8M,probateorg-hg834_superuser@mailinator.com,probateuser112@mailinator.com
probateorg-1hr1h,BJA0JMK,probateorg-1hr1h_superuser@mailinator.com,probateuser113@mailinator.com
probateorg-65un9,J17Y30C,probateorg-65un9_superuser@mailinator.com,probateuser114@mailinator.com
probateorg-vev2c,2353WRX,probateorg-vev2c_superuser@mailinator.com,probateuser115@mailinator.com
probateorg-vx2av,CFL5QXU,probateorg-vx2av_superuser@mailinator.com,probateuser116@mailinator.com
probateorg-prvxn,J28LIA6,probateorg-prvxn_superuser@mailinator.com,probateuser117@mailinator.com
probateorg-c7iwb,M7YNOER,probateorg-c7iwb_superuser@mailinator.com,probateuser118@mailinator.com
probateorg-vzma8,QZ5E7LY,probateorg-vzma8_superuser@mailinator.com,probateuser119@mailinator.com
probateorg-fl3e1,XNOTNY6,probateorg-fl3e1_superuser@mailinator.com,probateuser120@mailinator.com
probateorg-d0cng,5BEX8EU,probateorg-d0cng_superuser@mailinator.com,probateuser121@mailinator.com
probateorg-hg834,9KYNH8M,probateorg-hg834_superuser@mailinator.com,probateuser122@mailinator.com
probateorg-xd5oy,CH4K5F3,probateorg-xd5oy_superuser@mailinator.com,probateuser123@mailinator.com
probateorg-65un9,J17Y30C,probateorg-65un9_superuser@mailinator.com,probateuser124@mailinator.com
probateorg-7qzn0,M7VFIPS,probateorg-7qzn0_superuser@mailinator.com,probateuser125@mailinator.com
probateorg-vx2av,CFL5QXU,probateorg-vx2av_superuser@mailinator.com,probateuser126@mailinator.com
probateorg-e7sxb,LP82MQK,probateorg-e7sxb_superuser@mailinator.com,probateuser127@mailinator.com
probateorg-prvxn,J28LIA6,probateorg-prvxn_superuser@mailinator.com,probateuser128@mailinator.com
probateorg-322xt,FMXYD9F,probateorg-322xt_superuser@mailinator.com,probateuser129@mailinator.com
probateorg-vzma8,QZ5E7LY,probateorg-vzma8_superuser@mailinator.com,probateuser130@mailinator.com
probateorg-rkdk8,3ZZADTB,probateorg-rkdk8_superuser@mailinator.com,probateuser131@mailinator.com
probateorg-d0cng,5BEX8EU,probateorg-d0cng_superuser@mailinator.com,probateuser132@mailinator.com
probateorg-xd8i8,T903RMT,probateorg-xd8i8_superuser@mailinator.com,probateuser133@mailinator.com
probateorg-xd5oy,CH4K5F3,probateorg-xd5oy_superuser@mailinator.com,probateuser134@mailinator.com
probateorg-7qzn0,M7VFIPS,probateorg-7qzn0_superuser@mailinator.com,probateuser135@mailinator.com
probateorg-2h24t,J3D388Y,probateorg-2h24t_superuser@mailinator.com,probateuser137@mailinator.com
probateorg-e7sxb,LP82MQK,probateorg-e7sxb_superuser@mailinator.com,probateuser138@mailinator.com
probateorg-fj2kb,WGF27SE,probateorg-fj2kb_superuser@mailinator.com,probateuser139@mailinator.com
probateorg-cynse,4FWZF89,probateorg-cynse_superuser@mailinator.com,probateuser141@mailinator.com
probateorg-rkdk8,3ZZADTB,probateorg-rkdk8_superuser@mailinator.com,probateuser142@mailinator.com
probateorg-xd8i8,T903RMT,probateorg-xd8i8_superuser@mailinator.com,probateuser143@mailinator.com
probateorg-2h24t,J3D388Y,probateorg-2h24t_superuser@mailinator.com,probateuser144@mailinator.com
probateorg-fj2kb,WGF27SE,probateorg-fj2kb_superuser@mailinator.com,probateuser145@mailinator.com
probateorg-cynse,4FWZF89,probateorg-cynse_superuser@mailinator.com,probateuser146@mailinator.com