orgname,orgref,superuser,user,password,respondent_orgname,respondent_orgref,respuser
pforg-7q9g3,BNPWFTJ,pforg-7q9g3-su@mailtest.gov.uk,pforg-7q9g3-user0@mailinator.com,Pass19word,pforgrj-q0o5d,AU8A50X,pforgrj-q0o5d-su@mailtest.gov.uk
pforg-p7b94,IAJHX9K,pforg-p7b94-su@mailtest.gov.uk,pforg-p7b94-user0@mailinator.com,Pass19word,pforgrj-1ojsy,191Q797,pforgrj-1ojsy-su@mailtest.gov.uk
pforg-3smoq,ONY36O0,pforg-3smoq-su@mailtest.gov.uk,pforg-3smoq-user0@mailinator.com,Pass19word,pforgrj-rbh7b,YNADE4S,pforgrj-rbh7b-su@mailtest.gov.uk
pforg-0ymm7,KY01VU3,pforg-0ymm7-su@mailtest.gov.uk,pforg-0ymm7-user0@mailinator.com,Pass19word,pforgrj-w9359,QJ1UURZ,pforgrj-w9359-su@mailtest.gov.uk
pforg-mxoxd,V3MSEO8,pforg-mxoxd-su@mailtest.gov.uk,pforg-mxoxd-user0@mailinator.com,Pass19word,pforgrj-hzod4,VAJBL8P,pforgrj-hzod4-su@mailtest.gov.uk
pforg-x3iwv,16RHODZ,pforg-x3iwv-su@mailtest.gov.uk,pforg-x3iwv-user0@mailinator.com,Pass19word,pforgrj-f9r0d,CM4Y0YO,pforgrj-f9r0d-su@mailtest.gov.uk
pforg-zke75,NEZNGWG,pforg-zke75-su@mailtest.gov.uk,pforg-zke75-user0@mailinator.com,Pass19word,pforgrj-pmzbf,KQBCMN2,pforgrj-pmzbf-su@mailtest.gov.uk
pforg-6txky,RG6PWXO,pforg-6txky-su@mailtest.gov.uk,pforg-6txky-user0@mailinator.com,Pass19word,pforgrj-jdh8g,0LMUW7J,pforgrj-jdh8g-su@mailtest.gov.uk
pforg-bl9n1,4YYC0ID,pforg-bl9n1-su@mailtest.gov.uk,pforg-bl9n1-user0@mailinator.com,Pass19word,pforgrj-hcd9s,5GWLK18,pforgrj-hcd9s-su@mailtest.gov.uk
pforg-rc2my,4NRDTJL,pforg-rc2my-su@mailtest.gov.uk,pforg-rc2my-user0@mailinator.com,Pass19word,pforgrj-e8qh1,G3H1WJT,pforgrj-e8qh1-su@mailtest.gov.uk
pforg-ynh4z,OKBTGVG,pforg-ynh4z-su@mailtest.gov.uk,pforg-ynh4z-user0@mailinator.com,Pass19word,pforgrj-cbk7j,ND4EASQ,pforgrj-cbk7j-su@mailtest.gov.uk
pforg-94j1y,R1016LN,pforg-94j1y-su@mailtest.gov.uk,pforg-94j1y-user0@mailinator.com,Pass19word,pforgrj-pa4pa,7VY75EQ,pforgrj-pa4pa-su@mailtest.gov.uk
pforg-ljkcj,4ED5TBN,pforg-ljkcj-su@mailtest.gov.uk,pforg-ljkcj-user0@mailinator.com,Pass19word,pforgrj-fonor,CRCDEZN,pforgrj-fonor-su@mailtest.gov.uk
pforg-tuu68,3ZTY8T5,pforg-tuu68-su@mailtest.gov.uk,pforg-tuu68-user0@mailinator.com,Pass19word,pforgrj-lerde,NH6RGP2,pforgrj-lerde-su@mailtest.gov.uk
pforg-brka1,LGCSPQW,pforg-brka1-su@mailtest.gov.uk,pforg-brka1-user0@mailinator.com,Pass19word,pforgrj-b0mes,I617YZP,pforgrj-b0mes-su@mailtest.gov.uk
pforg-a491x,YE4CD2Z,pforg-a491x-su@mailtest.gov.uk,pforg-a491x-user0@mailinator.com,Pass19word,pforgrj-vj2dt,QHPXP7R,pforgrj-vj2dt-su@mailtest.gov.uk
pforg-p16k1,FQSNBZM,pforg-p16k1-su@mailtest.gov.uk,pforg-p16k1-user0@mailinator.com,Pass19word,pforgrj-v9oz3,WOW493M,pforgrj-v9oz3-su@mailtest.gov.uk
pforg-v7zgc,HR6KIL5,pforg-v7zgc-su@mailtest.gov.uk,pforg-v7zgc-user0@mailinator.com,Pass19word,pforgrj-umrz1,WQOF73W,pforgrj-umrz1-su@mailtest.gov.uk
pforg-1o0lf,HY6UUOX,pforg-1o0lf-su@mailtest.gov.uk,pforg-1o0lf-user0@mailinator.com,Pass19word,pforgrj-846nz,DIUXYTF,pforgrj-846nz-su@mailtest.gov.uk
pforg-kaaho,POZ8EMT,pforg-kaaho-su@mailtest.gov.uk,pforg-kaaho-user0@mailinator.com,Pass19word,pforgrj-5zg8v,V1AJ7KH,pforgrj-5zg8v-su@mailtest.gov.uk
pforg-uxh49,12T5W6Y,pforg-uxh49-su@mailtest.gov.uk,pforg-uxh49-user0@mailinator.com,Pass19word,pforgrj-crz4v,K3Z6EPL,pforgrj-crz4v-su@mailtest.gov.uk
pforg-kkrkf,USVMMIG,pforg-kkrkf-su@mailtest.gov.uk,pforg-kkrkf-user0@mailinator.com,Pass19word,pforgrj-h3t4w,TFHMLCA,pforgrj-h3t4w-su@mailtest.gov.uk
pforg-mz6ll,XBL3OUE,pforg-mz6ll-su@mailtest.gov.uk,pforg-mz6ll-user0@mailinator.com,Pass19word,pforgrj-sxdbp,2ALFX84,pforgrj-sxdbp-su@mailtest.gov.uk
pforg-ki708,6SS9BCL,pforg-ki708-su@mailtest.gov.uk,pforg-ki708-user0@mailinator.com,Pass19word,pforgrj-gub5m,VE89FUW,pforgrj-gub5m-su@mailtest.gov.uk
pforg-34xbw,31OZKUW,pforg-34xbw-su@mailtest.gov.uk,pforg-34xbw-user0@mailinator.com,Pass19word,pforgrj-ewp4i,CMULLJL,pforgrj-ewp4i-su@mailtest.gov.uk
pforg-4fskv,LBNWJZP,pforg-4fskv-su@mailtest.gov.uk,pforg-4fskv-user0@mailinator.com,Pass19word,pforgrj-5vplf,VBKUKMP,pforgrj-5vplf-su@mailtest.gov.uk
pforg-qoh0h,FHSBPY5,pforg-qoh0h-su@mailtest.gov.uk,pforg-qoh0h-user0@mailinator.com,Pass19word,pforgrj-qigl2,NW2MG1E,pforgrj-qigl2-su@mailtest.gov.uk
pforg-5lfec,NQV1QQ7,pforg-5lfec-su@mailtest.gov.uk,pforg-5lfec-user0@mailinator.com,Pass19word,pforgrj-w5xnw,ZACOJRT,pforgrj-w5xnw-su@mailtest.gov.uk
pforg-zkuxe,5APGKD9,pforg-zkuxe-su@mailtest.gov.uk,pforg-zkuxe-user0@mailinator.com,Pass19word,pforgrj-v3et5,9T4TATH,pforgrj-v3et5-su@mailtest.gov.uk
pforg-ccxkz,HCU38AO,pforg-ccxkz-su@mailtest.gov.uk,pforg-ccxkz-user0@mailinator.com,Pass19word,pforgrj-r0bkq,9W1043V,pforgrj-r0bkq-su@mailtest.gov.uk
pforg-0bify,B3PSYSB,pforg-0bify-su@mailtest.gov.uk,pforg-0bify-user0@mailinator.com,Pass19word,pforgrj-oz3ac,55KL2AZ,pforgrj-oz3ac-su@mailtest.gov.uk
pforg-6fogj,JDV3MOH,pforg-6fogj-su@mailtest.gov.uk,pforg-6fogj-user0@mailinator.com,Pass19word,pforgrj-myzon,9V673A2,pforgrj-myzon-su@mailtest.gov.uk
pforg-po9yb,EH0P7TU,pforg-po9yb-su@mailtest.gov.uk,pforg-po9yb-user0@mailinator.com,Pass19word,pforgrj-rxj1i,69DYIEA,pforgrj-rxj1i-su@mailtest.gov.uk
pforg-arcl7,VL5GF59,pforg-arcl7-su@mailtest.gov.uk,pforg-arcl7-user0@mailinator.com,Pass19word,pforgrj-3mkjj,I20SYPU,pforgrj-3mkjj-su@mailtest.gov.uk
pforg-bw2pm,SP7T4JW,pforg-bw2pm-su@mailtest.gov.uk,pforg-bw2pm-user0@mailinator.com,Pass19word,pforgrj-3fu0z,S05PGLL,pforgrj-3fu0z-su@mailtest.gov.uk
pforg-a48fm,4ZTR5Z3,pforg-a48fm-su@mailtest.gov.uk,pforg-a48fm-user0@mailinator.com,Pass19word,pforgrj-z2u82,NA63C95,pforgrj-z2u82-su@mailtest.gov.uk
pforg-zf9ln,7127SPP,pforg-zf9ln-su@mailtest.gov.uk,pforg-zf9ln-user0@mailinator.com,Pass19word,pforgrj-7g3ey,LRBLC3J,pforgrj-7g3ey-su@mailtest.gov.uk
pforg-9jgw2,VT5LK9B,pforg-9jgw2-su@mailtest.gov.uk,pforg-9jgw2-user0@mailinator.com,Pass19word,pforgrj-05nwo,IUCH9ID,pforgrj-05nwo-su@mailtest.gov.uk
pforg-j6oot,RPNBYGU,pforg-j6oot-su@mailtest.gov.uk,pforg-j6oot-user0@mailinator.com,Pass19word,pforgrj-14c07,UFVV4BE,pforgrj-14c07-su@mailtest.gov.uk
pforg-bwafy,62489HP,pforg-bwafy-su@mailtest.gov.uk,pforg-bwafy-user0@mailinator.com,Pass19word,pforgrj-j9qc7,3PJOAGA,pforgrj-j9qc7-su@mailtest.gov.uk
pforg-5wjju,24ZHJPE,pforg-5wjju-su@mailtest.gov.uk,pforg-5wjju-user0@mailinator.com,Pass19word,pforgrj-cxv6f,F06VTW2,pforgrj-cxv6f-su@mailtest.gov.uk
pforg-hokie,Z8QXH2B,pforg-hokie-su@mailtest.gov.uk,pforg-hokie-user0@mailinator.com,Pass19word,pforgrj-7u1sa,O7URGT4,pforgrj-7u1sa-su@mailtest.gov.uk
pforg-er3o2,CBQLMRB,pforg-er3o2-su@mailtest.gov.uk,pforg-er3o2-user0@mailinator.com,Pass19word,pforgrj-uzgp1,V7I5VEZ,pforgrj-uzgp1-su@mailtest.gov.uk
pforg-eqiue,O3JLEDQ,pforg-eqiue-su@mailtest.gov.uk,pforg-eqiue-user0@mailinator.com,Pass19word,pforgrj-zg4ue,37XXOM5,pforgrj-zg4ue-su@mailtest.gov.uk
pforg-blrom,TCXA19U,pforg-blrom-su@mailtest.gov.uk,pforg-blrom-user0@mailinator.com,Pass19word,pforgrj-95cos,019QHAD,pforgrj-95cos-su@mailtest.gov.uk
pforg-lr1gt,5TLXOHW,pforg-lr1gt-su@mailtest.gov.uk,pforg-lr1gt-user0@mailinator.com,Pass19word,pforgrj-3rgmx,UXG6CD6,pforgrj-3rgmx-su@mailtest.gov.uk
pforg-im0qh,EG8S933,pforg-im0qh-su@mailtest.gov.uk,pforg-im0qh-user0@mailinator.com,Pass19word,pforgrj-4a29c,J7QNOVV,pforgrj-4a29c-su@mailtest.gov.uk
pforg-ud0qc,127KOHU,pforg-ud0qc-su@mailtest.gov.uk,pforg-ud0qc-user0@mailinator.com,Pass19word,pforgrj-yefhn,BBR1P0B,pforgrj-yefhn-su@mailtest.gov.uk
pforg-0nxwo,BUNQQ73,pforg-0nxwo-su@mailtest.gov.uk,pforg-0nxwo-user0@mailinator.com,Pass19word,pforgrj-rgx1a,H1Z3LI6,pforgrj-rgx1a-su@mailtest.gov.uk
pforg-pj566,M15X493,pforg-pj566-su@mailtest.gov.uk,pforg-pj566-user0@mailinator.com,Pass19word,pforgrj-w8mjr,EGZHS5O,pforgrj-w8mjr-su@mailtest.gov.uk
pforg-pd8d8,PQ31EYK,pforg-pd8d8-su@mailtest.gov.uk,pforg-pd8d8-user0@mailinator.com,Pass19word,pforgrj-cfwhc,RXB8XT0,pforgrj-cfwhc-su@mailtest.gov.uk
pforg-e6aba,GEJ3SRD,pforg-e6aba-su@mailtest.gov.uk,pforg-e6aba-user0@mailinator.com,Pass19word,pforgrj-fzuqc,MVBZ03F,pforgrj-fzuqc-su@mailtest.gov.uk
pforg-nuvia,8KHHJA3,pforg-nuvia-su@mailtest.gov.uk,pforg-nuvia-user0@mailinator.com,Pass19word,pforgrj-9921g,62XPI8U,pforgrj-9921g-su@mailtest.gov.uk
pforg-5mjcn,0T0MGHR,pforg-5mjcn-su@mailtest.gov.uk,pforg-5mjcn-user0@mailinator.com,Pass19word,pforgrj-9hltx,FAW802G,pforgrj-9hltx-su@mailtest.gov.uk
pforg-rujx3,NIWIMP8,pforg-rujx3-su@mailtest.gov.uk,pforg-rujx3-user0@mailinator.com,Pass19word,pforgrj-7bz41,Q894RU2,pforgrj-7bz41-su@mailtest.gov.uk
pforg-u2j1f,2G44RA7,pforg-u2j1f-su@mailtest.gov.uk,pforg-u2j1f-user0@mailinator.com,Pass19word,pforgrj-5f92q,Y01E60F,pforgrj-5f92q-su@mailtest.gov.uk
pforg-cldi3,5MEY1AS,pforg-cldi3-su@mailtest.gov.uk,pforg-cldi3-user0@mailinator.com,Pass19word,pforgrj-lupur,9XWECR4,pforgrj-lupur-su@mailtest.gov.uk
pforg-zqs5m,YOZ071P,pforg-zqs5m-su@mailtest.gov.uk,pforg-zqs5m-user0@mailinator.com,Pass19word,pforgrj-980xh,7ZG0XRB,pforgrj-980xh-su@mailtest.gov.uk
pforg-lxd92,Q1B3PAR,pforg-lxd92-su@mailtest.gov.uk,pforg-lxd92-user0@mailinator.com,Pass19word,pforgrj-h461q,9HD2OUU,pforgrj-h461q-su@mailtest.gov.uk
pforg-7ssis,BYR5I2I,pforg-7ssis-su@mailtest.gov.uk,pforg-7ssis-user0@mailinator.com,Pass19word,pforgrj-kzum5,TLM90G7,pforgrj-kzum5-su@mailtest.gov.uk
pforg-4dod3,MCBV0DY,pforg-4dod3-su@mailtest.gov.uk,pforg-4dod3-user0@mailinator.com,Pass19word,pforgrj-10j3p,AFDA02X,pforgrj-10j3p-su@mailtest.gov.uk
pforg-1x7p9,A9CF6AL,pforg-1x7p9-su@mailtest.gov.uk,pforg-1x7p9-user0@mailinator.com,Pass19word,pforgrj-77t0p,TIE9E52,pforgrj-77t0p-su@mailtest.gov.uk
pforg-r8nih,3UK24UZ,pforg-r8nih-su@mailtest.gov.uk,pforg-r8nih-user0@mailinator.com,Pass19word,pforgrj-p0530,91XB9Z8,pforgrj-p0530-su@mailtest.gov.uk
pforg-couyi,TBQUIWX,pforg-couyi-su@mailtest.gov.uk,pforg-couyi-user0@mailinator.com,Pass19word,pforgrj-ojpms,P0P7SS0,pforgrj-ojpms-su@mailtest.gov.uk
pforg-2flqi,WAHKHC7,pforg-2flqi-su@mailtest.gov.uk,pforg-2flqi-user0@mailinator.com,Pass19word,pforgrj-jjnyk,ASIFPC7,pforgrj-jjnyk-su@mailtest.gov.uk
pforg-vo169,AGDJKTY,pforg-vo169-su@mailtest.gov.uk,pforg-vo169-user0@mailinator.com,Pass19word,pforgrj-ycrxt,Q4GG1QB,pforgrj-ycrxt-su@mailtest.gov.uk
pforg-4876g,97SY1Z0,pforg-4876g-su@mailtest.gov.uk,pforg-4876g-user0@mailinator.com,Pass19word,pforgrj-gu9sj,NDC7ZTM,pforgrj-gu9sj-su@mailtest.gov.uk
pforg-y3ajd,UPIVYRR,pforg-y3ajd-su@mailtest.gov.uk,pforg-y3ajd-user0@mailinator.com,Pass19word,pforgrj-0z7ez,G194KTS,pforgrj-0z7ez-su@mailtest.gov.uk
pforg-5s1gw,Y2N7OZH,pforg-5s1gw-su@mailtest.gov.uk,pforg-5s1gw-user0@mailinator.com,Pass19word,pforgrj-4o7ov,OT1WZKV,pforgrj-4o7ov-su@mailtest.gov.uk
pforg-nvez7,WY7GW34,pforg-nvez7-su@mailtest.gov.uk,pforg-nvez7-user0@mailinator.com,Pass19word,pforgrj-c6crn,EZDNLYS,pforgrj-c6crn-su@mailtest.gov.uk
pforg-yjqrq,GDEH5L1,pforg-yjqrq-su@mailtest.gov.uk,pforg-yjqrq-user0@mailinator.com,Pass19word,pforgrj-w7ka8,TBTU3QI,pforgrj-w7ka8-su@mailtest.gov.uk
pforg-yqb4j,QZ428PB,pforg-yqb4j-su@mailtest.gov.uk,pforg-yqb4j-user0@mailinator.com,Pass19word,pforgrj-lrvcl,HK054TA,pforgrj-lrvcl-su@mailtest.gov.uk
pforg-f6qnv,ZWP4T4H,pforg-f6qnv-su@mailtest.gov.uk,pforg-f6qnv-user0@mailinator.com,Pass19word,pforgrj-c4n6j,CJMGSPA,pforgrj-c4n6j-su@mailtest.gov.uk
pforg-b3kne,VSSHUE4,pforg-b3kne-su@mailtest.gov.uk,pforg-b3kne-user0@mailinator.com,Pass19word,pforgrj-7xmr6,ZZNU4NV,pforgrj-7xmr6-su@mailtest.gov.uk
pforg-tjuns,DD3G0U7,pforg-tjuns-su@mailtest.gov.uk,pforg-tjuns-user0@mailinator.com,Pass19word,pforgrj-77od5,K8HIZF8,pforgrj-77od5-su@mailtest.gov.uk
pforg-2im1q,EXC18E4,pforg-2im1q-su@mailtest.gov.uk,pforg-2im1q-user0@mailinator.com,Pass19word,pforgrj-mvvqq,O6OCCUQ,pforgrj-mvvqq-su@mailtest.gov.uk
pforg-09dss,21YCD7B,pforg-09dss-su@mailtest.gov.uk,pforg-09dss-user0@mailinator.com,Pass19word,pforgrj-kq41g,AMSBP35,pforgrj-kq41g-su@mailtest.gov.uk
pforg-v1bmq,KEKI08N,pforg-v1bmq-su@mailtest.gov.uk,pforg-v1bmq-user0@mailinator.com,Pass19word,pforgrj-l161t,9XH4WWA,pforgrj-l161t-su@mailtest.gov.uk
pforg-ia35y,F3Z4S3P,pforg-ia35y-su@mailtest.gov.uk,pforg-ia35y-user0@mailinator.com,Pass19word,pforgrj-ijrdm,AB03PQM,pforgrj-ijrdm-su@mailtest.gov.uk
pforg-hagxc,7ZATDGB,pforg-hagxc-su@mailtest.gov.uk,pforg-hagxc-user0@mailinator.com,Pass19word,pforgrj-3gqql,7JWJJE2,pforgrj-3gqql-su@mailtest.gov.uk
pforg-ggr1w,6JOHJTT,pforg-ggr1w-su@mailtest.gov.uk,pforg-ggr1w-user0@mailinator.com,Pass19word,pforgrj-getrs,D8RSNNF,pforgrj-getrs-su@mailtest.gov.uk
pforg-aeie8,7UI1MUD,pforg-aeie8-su@mailtest.gov.uk,pforg-aeie8-user0@mailinator.com,Pass19word,pforgrj-djx9a,6ST2CCS,pforgrj-djx9a-su@mailtest.gov.uk
pforg-s0n1s,P5M42CM,pforg-s0n1s-su@mailtest.gov.uk,pforg-s0n1s-user0@mailinator.com,Pass19word,pforgrj-06a0w,OTIXE5H,pforgrj-06a0w-su@mailtest.gov.uk
pforg-0dryn,HT6UVAO,pforg-0dryn-su@mailtest.gov.uk,pforg-0dryn-user0@mailinator.com,Pass19word,pforgrj-27c1f,92HCKZK,pforgrj-27c1f-su@mailtest.gov.uk
pforg-wra1b,HPVVOAY,pforg-wra1b-su@mailtest.gov.uk,pforg-wra1b-user0@mailinator.com,Pass19word,pforgrj-kopxd,57J1BU0,pforgrj-kopxd-su@mailtest.gov.uk
pforg-wtqen,71X9G40,pforg-wtqen-su@mailtest.gov.uk,pforg-wtqen-user0@mailinator.com,Pass19word,pforgrj-qtow3,9XMXNY4,pforgrj-qtow3-su@mailtest.gov.uk
pforg-ry6ws,YRERCQK,pforg-ry6ws-su@mailtest.gov.uk,pforg-ry6ws-user0@mailinator.com,Pass19word,pforgrj-f8u8s,S90H5EA,pforgrj-f8u8s-su@mailtest.gov.uk
pforg-38upm,UCMV743,pforg-38upm-su@mailtest.gov.uk,pforg-38upm-user0@mailinator.com,Pass19word,pforgrj-5njpn,TR4PPCX,pforgrj-5njpn-su@mailtest.gov.uk
pforg-8esqc,OLS0EE3,pforg-8esqc-su@mailtest.gov.uk,pforg-8esqc-user0@mailinator.com,Pass19word,pforgrj-67d5s,9CQZEY9,pforgrj-67d5s-su@mailtest.gov.uk
pforg-i9xgn,8879PXQ,pforg-i9xgn-su@mailtest.gov.uk,pforg-i9xgn-user0@mailinator.com,Pass19word,pforgrj-dx1xf,D6721AJ,pforgrj-dx1xf-su@mailtest.gov.uk
pforg-pt5yx,REJ2CQS,pforg-pt5yx-su@mailtest.gov.uk,pforg-pt5yx-user0@mailinator.com,Pass19word,pforgrj-pjw3z,TOKFB72,pforgrj-pjw3z-su@mailtest.gov.uk
pforg-i7orq,QGBXSWG,pforg-i7orq-su@mailtest.gov.uk,pforg-i7orq-user0@mailinator.com,Pass19word,pforgrj-z5ls6,FASTUD5,pforgrj-z5ls6-su@mailtest.gov.uk
pforg-2rjug,1REZ0PD,pforg-2rjug-su@mailtest.gov.uk,pforg-2rjug-user0@mailinator.com,Pass19word,pforgrj-iua9x,JBVEPTD,pforgrj-iua9x-su@mailtest.gov.uk
pforg-9hl0y,NPDD5K6,pforg-9hl0y-su@mailtest.gov.uk,pforg-9hl0y-user0@mailinator.com,Pass19word,pforgrj-pt4yk,P6CLMTM,pforgrj-pt4yk-su@mailtest.gov.uk
pforg-1wem5,E0XRQEF,pforg-1wem5-su@mailtest.gov.uk,pforg-1wem5-user0@mailinator.com,Pass19word,pforgrj-byscx,UF8HY3E,pforgrj-byscx-su@mailtest.gov.uk
pforg-q7kzk,C9SIU33,pforg-q7kzk-su@mailtest.gov.uk,pforg-q7kzk-user0@mailinator.com,Pass19word,pforgrj-mvqbv,CI2WNS3,pforgrj-mvqbv-su@mailtest.gov.uk
pforg-artkx,Z4925QO,pforg-artkx-su@mailtest.gov.uk,pforg-artkx-user0@mailinator.com,Pass19word,pforgrj-auken,8Z8P2DP,pforgrj-auken-su@mailtest.gov.uk
pforg-wmeut,VCWKV42,pforg-wmeut-su@mailtest.gov.uk,pforg-wmeut-user0@mailinator.com,Pass19word,pforgrj-6mog9,VN2SGN0,pforgrj-6mog9-su@mailtest.gov.uk
pforg-j2pdc,LIW7FN4,pforg-j2pdc-su@mailtest.gov.uk,pforg-j2pdc-user0@mailinator.com,Pass19word,pforgrj-wrvj0,D1BIVKN,pforgrj-wrvj0-su@mailtest.gov.uk
pforg-f3w6g,4P247FM,pforg-f3w6g-su@mailtest.gov.uk,pforg-f3w6g-user0@mailinator.com,Pass19word,pforgrj-e6rvx,N1707ZQ,pforgrj-e6rvx-su@mailtest.gov.uk
pforg-hakwr,N2R5HPV,pforg-hakwr-su@mailtest.gov.uk,pforg-hakwr-user0@mailinator.com,Pass19word,pforgrj-hrdrd,5N6HZ8M,pforgrj-hrdrd-su@mailtest.gov.uk
pforg-de24g,9JMPQP7,pforg-de24g-su@mailtest.gov.uk,pforg-de24g-user0@mailinator.com,Pass19word,pforgrj-c6ujz,1BQ5FAI,pforgrj-c6ujz-su@mailtest.gov.uk
pforg-akvzc,GGT89BI,pforg-akvzc-su@mailtest.gov.uk,pforg-akvzc-user0@mailinator.com,Pass19word,pforgrj-i4ixm,XNU9SZN,pforgrj-i4ixm-su@mailtest.gov.uk
pforg-3lklg,QAM5MHI,pforg-3lklg-su@mailtest.gov.uk,pforg-3lklg-user0@mailinator.com,Pass19word,pforgrj-ozr75,8Q76611,pforgrj-ozr75-su@mailtest.gov.uk
pforg-hn7xt,2UBETCZ,pforg-hn7xt-su@mailtest.gov.uk,pforg-hn7xt-user0@mailinator.com,Pass19word,pforgrj-3x11j,KQZ9NCI,pforgrj-3x11j-su@mailtest.gov.uk
pforg-jvaqy,ILYD9C3,pforg-jvaqy-su@mailtest.gov.uk,pforg-jvaqy-user0@mailinator.com,Pass19word,pforgrj-kc37c,VWS40IK,pforgrj-kc37c-su@mailtest.gov.uk
pforg-7zk70,T5M4XVZ,pforg-7zk70-su@mailtest.gov.uk,pforg-7zk70-user0@mailinator.com,Pass19word,pforgrj-riz5b,FF2UUR8,pforgrj-riz5b-su@mailtest.gov.uk
pforg-c17t4,H1717AV,pforg-c17t4-su@mailtest.gov.uk,pforg-c17t4-user0@mailinator.com,Pass19word,pforgrj-poebb,ZMU315T,pforgrj-poebb-su@mailtest.gov.uk
pforg-oxv7i,VH6RASZ,pforg-oxv7i-su@mailtest.gov.uk,pforg-oxv7i-user0@mailinator.com,Pass19word,pforgrj-oja4e,75GIMIN,pforgrj-oja4e-su@mailtest.gov.uk
pforg-n43z3,PX0DZIR,pforg-n43z3-su@mailtest.gov.uk,pforg-n43z3-user0@mailinator.com,Pass19word,pforgrj-gom03,IMIUML4,pforgrj-gom03-su@mailtest.gov.uk
pforg-rerap,BTO5GDA,pforg-rerap-su@mailtest.gov.uk,pforg-rerap-user0@mailinator.com,Pass19word,pforgrj-yy7fe,OA1EI4C,pforgrj-yy7fe-su@mailtest.gov.uk
pforg-fhpmu,652D88B,pforg-fhpmu-su@mailtest.gov.uk,pforg-fhpmu-user0@mailinator.com,Pass19word,pforgrj-c50oq,N6HVOFG,pforgrj-c50oq-su@mailtest.gov.uk
pforg-6pbdn,UJMD89I,pforg-6pbdn-su@mailtest.gov.uk,pforg-6pbdn-user0@mailinator.com,Pass19word,pforgrj-ej4hl,NP9WXTA,pforgrj-ej4hl-su@mailtest.gov.uk
pforg-5oqgf,VST7VW8,pforg-5oqgf-su@mailtest.gov.uk,pforg-5oqgf-user0@mailinator.com,Pass19word,pforgrj-ptyx0,AD3UR02,pforgrj-ptyx0-su@mailtest.gov.uk
pforg-gr5ol,JB9DR8C,pforg-gr5ol-su@mailtest.gov.uk,pforg-gr5ol-user0@mailinator.com,Pass19word,pforgrj-pfd32,W5Q2JUY,pforgrj-pfd32-su@mailtest.gov.uk
pforg-izn9p,8AOUH62,pforg-izn9p-su@mailtest.gov.uk,pforg-izn9p-user0@mailinator.com,Pass19word,pforgrj-upr57,2A75YC8,pforgrj-upr57-su@mailtest.gov.uk
pforg-ksi9d,9QG1F4P,pforg-ksi9d-su@mailtest.gov.uk,pforg-ksi9d-user0@mailinator.com,Pass19word,pforgrj-kowjm,ANSIJBY,pforgrj-kowjm-su@mailtest.gov.uk
pforg-aq4xd,HS6YIEB,pforg-aq4xd-su@mailtest.gov.uk,pforg-aq4xd-user0@mailinator.com,Pass19word,pforgrj-uziy5,QZ0386B,pforgrj-uziy5-su@mailtest.gov.uk
pforg-4k6iv,I1AUNX1,pforg-4k6iv-su@mailtest.gov.uk,pforg-4k6iv-user0@mailinator.com,Pass19word,pforgrj-b96bi,DLDNP86,pforgrj-b96bi-su@mailtest.gov.uk
pforg-krf12,F4OCI93,pforg-krf12-su@mailtest.gov.uk,pforg-krf12-user0@mailinator.com,Pass19word,pforgrj-dz8eg,77YHW85,pforgrj-dz8eg-su@mailtest.gov.uk
pforg-xbzbk,0VMTY7G,pforg-xbzbk-su@mailtest.gov.uk,pforg-xbzbk-user0@mailinator.com,Pass19word,pforgrj-0pqdy,28O7ZFA,pforgrj-0pqdy-su@mailtest.gov.uk
pforg-wo0jm,N6A56CD,pforg-wo0jm-su@mailtest.gov.uk,pforg-wo0jm-user0@mailinator.com,Pass19word,pforgrj-ic8ny,IPVTIWP,pforgrj-ic8ny-su@mailtest.gov.uk
pforg-d25f5,8S1PJY2,pforg-d25f5-su@mailtest.gov.uk,pforg-d25f5-user0@mailinator.com,Pass19word,pforgrj-mc5q3,AMREF1L,pforgrj-mc5q3-su@mailtest.gov.uk
pforg-8qyxg,0TQUJA3,pforg-8qyxg-su@mailtest.gov.uk,pforg-8qyxg-user0@mailinator.com,Pass19word,pforgrj-kyqx5,FY8CZWL,pforgrj-kyqx5-su@mailtest.gov.uk
pforg-42d8f,6OVWKC3,pforg-42d8f-su@mailtest.gov.uk,pforg-42d8f-user0@mailinator.com,Pass19word,pforgrj-tbdu3,MF0NY9R,pforgrj-tbdu3-su@mailtest.gov.uk
pforg-hf4tx,VB94F9E,pforg-hf4tx-su@mailtest.gov.uk,pforg-hf4tx-user0@mailinator.com,Pass19word,pforgrj-34a9d,YYXQEN2,pforgrj-34a9d-su@mailtest.gov.uk
pforg-ai8us,4ZPQ99J,pforg-ai8us-su@mailtest.gov.uk,pforg-ai8us-user0@mailinator.com,Pass19word,pforgrj-ymrs2,WPM29ZL,pforgrj-ymrs2-su@mailtest.gov.uk
pforg-oedgi,K07GNW2,pforg-oedgi-su@mailtest.gov.uk,pforg-oedgi-user0@mailinator.com,Pass19word,pforgrj-udhrg,JE1CVUJ,pforgrj-udhrg-su@mailtest.gov.uk
pforg-u2ak0,A31NCL8,pforg-u2ak0-su@mailtest.gov.uk,pforg-u2ak0-user0@mailinator.com,Pass19word,pforgrj-cjga2,664DBN9,pforgrj-cjga2-su@mailtest.gov.uk
pforg-5lxr8,CBJMCPM,pforg-5lxr8-su@mailtest.gov.uk,pforg-5lxr8-user0@mailinator.com,Pass19word,pforgrj-lu96p,FPQNPBS,pforgrj-lu96p-su@mailtest.gov.uk
pforg-gfk5e,O9PL9CB,pforg-gfk5e-su@mailtest.gov.uk,pforg-gfk5e-user0@mailinator.com,Pass19word,pforgrj-vflsv,X1YX227,pforgrj-vflsv-su@mailtest.gov.uk
pforg-t8ujv,X94O1VD,pforg-t8ujv-su@mailtest.gov.uk,pforg-t8ujv-user0@mailinator.com,Pass19word,pforgrj-m5q0e,HS2E0YS,pforgrj-m5q0e-su@mailtest.gov.uk
pforg-jnjsw,NF6IXRU,pforg-jnjsw-su@mailtest.gov.uk,pforg-jnjsw-user0@mailinator.com,Pass19word,pforgrj-qvcpp,GR7R8D4,pforgrj-qvcpp-su@mailtest.gov.uk
pforg-rt718,ZWDHX4R,pforg-rt718-su@mailtest.gov.uk,pforg-rt718-user0@mailinator.com,Pass19word,pforgrj-2cnyo,4ZZ2B67,pforgrj-2cnyo-su@mailtest.gov.uk
pforg-u8f12,X6Q4YHE,pforg-u8f12-su@mailtest.gov.uk,pforg-u8f12-user0@mailinator.com,Pass19word,pforgrj-6ct4s,N1C596G,pforgrj-6ct4s-su@mailtest.gov.uk
pforg-1ntk9,J7C3LD0,pforg-1ntk9-su@mailtest.gov.uk,pforg-1ntk9-user0@mailinator.com,Pass19word,pforgrj-oo4sd,FJW0B7Y,pforgrj-oo4sd-su@mailtest.gov.uk
pforg-wqliw,61XJ4I6,pforg-wqliw-su@mailtest.gov.uk,pforg-wqliw-user0@mailinator.com,Pass19word,pforgrj-m66se,SDNAAPU,pforgrj-m66se-su@mailtest.gov.uk
pforg-06oid,C8YAQF1,pforg-06oid-su@mailtest.gov.uk,pforg-06oid-user0@mailinator.com,Pass19word,pforgrj-l7pv2,06RYYH7,pforgrj-l7pv2-su@mailtest.gov.uk
pforg-rqb2g,5KWWXU5,pforg-rqb2g-su@mailtest.gov.uk,pforg-rqb2g-user0@mailinator.com,Pass19word,pforgrj-jxrcz,C5NT739,pforgrj-jxrcz-su@mailtest.gov.uk
pforg-oa0b2,8AW9GIF,pforg-oa0b2-su@mailtest.gov.uk,pforg-oa0b2-user0@mailinator.com,Pass19word,pforgrj-8wlyq,LADXU2L,pforgrj-8wlyq-su@mailtest.gov.uk
pforg-aw5tf,VQW09JP,pforg-aw5tf-su@mailtest.gov.uk,pforg-aw5tf-user0@mailinator.com,Pass19word,pforgrj-747zc,MPV16T2,pforgrj-747zc-su@mailtest.gov.uk
pforg-sa8wk,Q6DKLJR,pforg-sa8wk-su@mailtest.gov.uk,pforg-sa8wk-user0@mailinator.com,Pass19word,pforgrj-ngjzr,YRV9RY7,pforgrj-ngjzr-su@mailtest.gov.uk
pforg-9frmp,O1DAM2Q,pforg-9frmp-su@mailtest.gov.uk,pforg-9frmp-user0@mailinator.com,Pass19word,pforgrj-hii3a,7PEJUX5,pforgrj-hii3a-su@mailtest.gov.uk
pforg-fgjp5,WOG05QG,pforg-fgjp5-su@mailtest.gov.uk,pforg-fgjp5-user0@mailinator.com,Pass19word,pforgrj-db2ne,L5HRY9F,pforgrj-db2ne-su@mailtest.gov.uk
pforg-hmu6z,32381AT,pforg-hmu6z-su@mailtest.gov.uk,pforg-hmu6z-user0@mailinator.com,Pass19word,pforgrj-yxgmg,YJ01E22,pforgrj-yxgmg-su@mailtest.gov.uk
pforg-mawhr,LCHVD0G,pforg-mawhr-su@mailtest.gov.uk,pforg-mawhr-user0@mailinator.com,Pass19word,pforgrj-l2zje,JEIM7J8,pforgrj-l2zje-su@mailtest.gov.uk
pforg-qjm6d,QNXJB32,pforg-qjm6d-su@mailtest.gov.uk,pforg-qjm6d-user0@mailinator.com,Pass19word,pforgrj-5iek7,I00U89X,pforgrj-5iek7-su@mailtest.gov.uk
pforg-itrdh,6NJ5Y53,pforg-itrdh-su@mailtest.gov.uk,pforg-itrdh-user0@mailinator.com,Pass19word,pforgrj-frzqo,NKZNC4A,pforgrj-frzqo-su@mailtest.gov.uk
pforg-1lklb,WV1KAMR,pforg-1lklb-su@mailtest.gov.uk,pforg-1lklb-user0@mailinator.com,Pass19word,pforgrj-4qed4,RY086KQ,pforgrj-4qed4-su@mailtest.gov.uk
pforg-iw888,8CTM5LG,pforg-iw888-su@mailtest.gov.uk,pforg-iw888-user0@mailinator.com,Pass19word,pforgrj-m29wa,QC2LM9E,pforgrj-m29wa-su@mailtest.gov.uk
pforg-74ks5,ZACLKIJ,pforg-74ks5-su@mailtest.gov.uk,pforg-74ks5-user0@mailinator.com,Pass19word,pforgrj-luvjd,55HS4G7,pforgrj-luvjd-su@mailtest.gov.uk
pforg-u9xfx,U4A8CTA,pforg-u9xfx-su@mailtest.gov.uk,pforg-u9xfx-user0@mailinator.com,Pass19word,pforgrj-rqo0v,7WQS6ZZ,pforgrj-rqo0v-su@mailtest.gov.uk
pforg-udy5b,EP4HHOQ,pforg-udy5b-su@mailtest.gov.uk,pforg-udy5b-user0@mailinator.com,Pass19word,pforgrj-ovj6m,R6PWWMC,pforgrj-ovj6m-su@mailtest.gov.uk
pforg-9jnuv,O9EF1H2,pforg-9jnuv-su@mailtest.gov.uk,pforg-9jnuv-user0@mailinator.com,Pass19word,pforgrj-b0sjv,6VE6E5P,pforgrj-b0sjv-su@mailtest.gov.uk
pforg-6p0l5,IGZIKAM,pforg-6p0l5-su@mailtest.gov.uk,pforg-6p0l5-user0@mailinator.com,Pass19word,pforgrj-vq4ax,920KWI2,pforgrj-vq4ax-su@mailtest.gov.uk
pforg-syjl4,A8NXLMP,pforg-syjl4-su@mailtest.gov.uk,pforg-syjl4-user0@mailinator.com,Pass19word,pforgrj-ine6z,NO26Y97,pforgrj-ine6z-su@mailtest.gov.uk
pforg-8y54b,YT6A2GY,pforg-8y54b-su@mailtest.gov.uk,pforg-8y54b-user0@mailinator.com,Pass19word,pforgrj-lq9d6,KWI7BAB,pforgrj-lq9d6-su@mailtest.gov.uk
pforg-1ohba,T5TLKG5,pforg-1ohba-su@mailtest.gov.uk,pforg-1ohba-user0@mailinator.com,Pass19word,pforgrj-myj9a,67UBGUT,pforgrj-myj9a-su@mailtest.gov.uk
pforg-yqwu6,0095II5,pforg-yqwu6-su@mailtest.gov.uk,pforg-yqwu6-user0@mailinator.com,Pass19word,pforgrj-lq9zt,2U1CAYG,pforgrj-lq9zt-su@mailtest.gov.uk
pforg-8ax2g,NWIOJHA,pforg-8ax2g-su@mailtest.gov.uk,pforg-8ax2g-user0@mailinator.com,Pass19word,pforgrj-blb1q,O19KI92,pforgrj-blb1q-su@mailtest.gov.uk
pforg-xecy3,I0UGU17,pforg-xecy3-su@mailtest.gov.uk,pforg-xecy3-user0@mailinator.com,Pass19word,pforgrj-7wmmz,DFX0OK7,pforgrj-7wmmz-su@mailtest.gov.uk
pforg-7ljk9,MJ866NL,pforg-7ljk9-su@mailtest.gov.uk,pforg-7ljk9-user0@mailinator.com,Pass19word,pforgrj-bpkbr,ILWFEUQ,pforgrj-bpkbr-su@mailtest.gov.uk
pforg-irw6y,9XN9G0M,pforg-irw6y-su@mailtest.gov.uk,pforg-irw6y-user0@mailinator.com,Pass19word,pforgrj-pbm58,7QT4PGP,pforgrj-pbm58-su@mailtest.gov.uk
pforg-5vv3a,PJOEFFD,pforg-5vv3a-su@mailtest.gov.uk,pforg-5vv3a-user0@mailinator.com,Pass19word,pforgrj-7op9n,82KHD3V,pforgrj-7op9n-su@mailtest.gov.uk
pforg-neoh0,1YHH0DA,pforg-neoh0-su@mailtest.gov.uk,pforg-neoh0-user0@mailinator.com,Pass19word,pforgrj-12dd6,ZINDXP1,pforgrj-12dd6-su@mailtest.gov.uk
pforg-zko83,902WJR6,pforg-zko83-su@mailtest.gov.uk,pforg-zko83-user0@mailinator.com,Pass19word,pforgrj-ies5u,517WK3K,pforgrj-ies5u-su@mailtest.gov.uk
pforg-207d0,W1RGRFE,pforg-207d0-su@mailtest.gov.uk,pforg-207d0-user0@mailinator.com,Pass19word,pforgrj-117hk,U2C1XIE,pforgrj-117hk-su@mailtest.gov.uk
pforg-agjz7,1RAGB9B,pforg-agjz7-su@mailtest.gov.uk,pforg-agjz7-user0@mailinator.com,Pass19word,pforgrj-ztx6t,ST19XOJ,pforgrj-ztx6t-su@mailtest.gov.uk
pforg-ych6k,MRNAYOS,pforg-ych6k-su@mailtest.gov.uk,pforg-ych6k-user0@mailinator.com,Pass19word,pforgrj-2so4d,RRB69DO,pforgrj-2so4d-su@mailtest.gov.uk
pforg-2mlcw,KRK2OJO,pforg-2mlcw-su@mailtest.gov.uk,pforg-2mlcw-user0@mailinator.com,Pass19word,pforgrj-zy6u0,UJK819T,pforgrj-zy6u0-su@mailtest.gov.uk
pforg-92czj,5500L6K,pforg-92czj-su@mailtest.gov.uk,pforg-92czj-user0@mailinator.com,Pass19word,pforgrj-9ylwe,F7B757R,pforgrj-9ylwe-su@mailtest.gov.uk
pforg-n9maa,OWM1J7J,pforg-n9maa-su@mailtest.gov.uk,pforg-n9maa-user0@mailinator.com,Pass19word,pforgrj-b9z9w,LVI74OT,pforgrj-b9z9w-su@mailtest.gov.uk
pforg-827jj,0I6F0XY,pforg-827jj-su@mailtest.gov.uk,pforg-827jj-user0@mailinator.com,Pass19word,pforgrj-atmq3,20D3FLT,pforgrj-atmq3-su@mailtest.gov.uk
pforg-r2856,8UVE6HW,pforg-r2856-su@mailtest.gov.uk,pforg-r2856-user0@mailinator.com,Pass19word,pforgrj-ws05q,W2GQ1CG,pforgrj-ws05q-su@mailtest.gov.uk
pforg-f88gb,KN4VBU6,pforg-f88gb-su@mailtest.gov.uk,pforg-f88gb-user0@mailinator.com,Pass19word,pforgrj-k4o38,SPY3E0A,pforgrj-k4o38-su@mailtest.gov.uk
pforg-jsuau,J62WL58,pforg-jsuau-su@mailtest.gov.uk,pforg-jsuau-user0@mailinator.com,Pass19word,pforgrj-7wnx8,QFH41KM,pforgrj-7wnx8-su@mailtest.gov.uk
pforg-tyvq1,YL0YMU7,pforg-tyvq1-su@mailtest.gov.uk,pforg-tyvq1-user0@mailinator.com,Pass19word,pforgrj-ce09b,ZQ4GXQP,pforgrj-ce09b-su@mailtest.gov.uk
pforg-h6g8r,WGCBGI8,pforg-h6g8r-su@mailtest.gov.uk,pforg-h6g8r-user0@mailinator.com,Pass19word,pforgrj-sx3rw,SPXWZ3G,pforgrj-sx3rw-su@mailtest.gov.uk
pforg-cshf2,ZCDJ2MI,pforg-cshf2-su@mailtest.gov.uk,pforg-cshf2-user0@mailinator.com,Pass19word,pforgrj-q234i,HBI92MH,pforgrj-q234i-su@mailtest.gov.uk
pforg-j2628,PH15VUT,pforg-j2628-su@mailtest.gov.uk,pforg-j2628-user0@mailinator.com,Pass19word,pforgrj-u6s14,62TX6BR,pforgrj-u6s14-su@mailtest.gov.uk
pforg-pzypx,R2FIXEU,pforg-pzypx-su@mailtest.gov.uk,pforg-pzypx-user0@mailinator.com,Pass19word,pforgrj-yw1gg,08FRXG5,pforgrj-yw1gg-su@mailtest.gov.uk
pforg-p3okt,QYCMQQ6,pforg-p3okt-su@mailtest.gov.uk,pforg-p3okt-user0@mailinator.com,Pass19word,pforgrj-c3wx7,LCMEFK3,pforgrj-c3wx7-su@mailtest.gov.uk
pforg-7s3pz,K5PHLDC,pforg-7s3pz-su@mailtest.gov.uk,pforg-7s3pz-user0@mailinator.com,Pass19word,pforgrj-8mps4,OGTL5CZ,pforgrj-8mps4-su@mailtest.gov.uk
pforg-4cqax,HAT27US,pforg-4cqax-su@mailtest.gov.uk,pforg-4cqax-user0@mailinator.com,Pass19word,pforgrj-0c2k1,FFQM8TH,pforgrj-0c2k1-su@mailtest.gov.uk
pforg-o4sgd,PEA5T6J,pforg-o4sgd-su@mailtest.gov.uk,pforg-o4sgd-user0@mailinator.com,Pass19word,pforgrj-2h4nd,0EQRVKI,pforgrj-2h4nd-su@mailtest.gov.uk
pforg-5qin9,3PZZ2EX,pforg-5qin9-su@mailtest.gov.uk,pforg-5qin9-user0@mailinator.com,Pass19word,pforgrj-mfkus,I824NVH,pforgrj-mfkus-su@mailtest.gov.uk
pforg-byj63,J5KJW6S,pforg-byj63-su@mailtest.gov.uk,pforg-byj63-user0@mailinator.com,Pass19word,pforgrj-o6963,EGN9JK7,pforgrj-o6963-su@mailtest.gov.uk
pforg-3a3ng,XNIHLRM,pforg-3a3ng-su@mailtest.gov.uk,pforg-3a3ng-user0@mailinator.com,Pass19word,pforgrj-tefhf,S6KNHE5,pforgrj-tefhf-su@mailtest.gov.uk
pforg-cbz9g,7JHLGVR,pforg-cbz9g-su@mailtest.gov.uk,pforg-cbz9g-user0@mailinator.com,Pass19word,pforgrj-ksayd,70BWGWD,pforgrj-ksayd-su@mailtest.gov.uk
pforg-ofzo9,G9FMHLQ,pforg-ofzo9-su@mailtest.gov.uk,pforg-ofzo9-user0@mailinator.com,Pass19word,pforgrj-8nehh,9LJ4Q1T,pforgrj-8nehh-su@mailtest.gov.uk
pforg-15a8g,Z8FS8VL,pforg-15a8g-su@mailtest.gov.uk,pforg-15a8g-user0@mailinator.com,Pass19word,pforgrj-7tonr,28UIAHI,pforgrj-7tonr-su@mailtest.gov.uk
pforg-1a5jo,AEVP8Z7,pforg-1a5jo-su@mailtest.gov.uk,pforg-1a5jo-user0@mailinator.com,Pass19word,pforgrj-tjvjm,7VB1TK6,pforgrj-tjvjm-su@mailtest.gov.uk
pforg-7r6md,FLUFDE8,pforg-7r6md-su@mailtest.gov.uk,pforg-7r6md-user0@mailinator.com,Pass19word,pforgrj-rmhmk,NCLBBQ5,pforgrj-rmhmk-su@mailtest.gov.uk
pforg-8uime,B7KK9RZ,pforg-8uime-su@mailtest.gov.uk,pforg-8uime-user0@mailinator.com,Pass19word,pforgrj-kl1hc,6YUG3WY,pforgrj-kl1hc-su@mailtest.gov.uk
pforg-n7o9c,WJPFS5R,pforg-n7o9c-su@mailtest.gov.uk,pforg-n7o9c-user0@mailinator.com,Pass19word,pforgrj-21uir,5ZHSPSE,pforgrj-21uir-su@mailtest.gov.uk
pforg-x68dg,0DTPEHY,pforg-x68dg-su@mailtest.gov.uk,pforg-x68dg-user0@mailinator.com,Pass19word,pforgrj-30gy8,HJ235F6,pforgrj-30gy8-su@mailtest.gov.uk
pforg-crk5p,OFTEA2T,pforg-crk5p-su@mailtest.gov.uk,pforg-crk5p-user0@mailinator.com,Pass19word,pforgrj-42bni,902K1C0,pforgrj-42bni-su@mailtest.gov.uk
pforg-6evq5,4JFQIJ2,pforg-6evq5-su@mailtest.gov.uk,pforg-6evq5-user0@mailinator.com,Pass19word,pforgrj-ovclz,CBO90XS,pforgrj-ovclz-su@mailtest.gov.uk
pforg-ijt6v,RG1ZX2W,pforg-ijt6v-su@mailtest.gov.uk,pforg-ijt6v-user0@mailinator.com,Pass19word,pforgrj-c6cts,TB9ZLGD,pforgrj-c6cts-su@mailtest.gov.uk
pforg-8yd4x,FBWFDQS,pforg-8yd4x-su@mailtest.gov.uk,pforg-8yd4x-user0@mailinator.com,Pass19word,pforgrj-m11c2,ZJCY2DQ,pforgrj-m11c2-su@mailtest.gov.uk
pforg-ypaxc,57HQVOX,pforg-ypaxc-su@mailtest.gov.uk,pforg-ypaxc-user0@mailinator.com,Pass19word,pforgrj-m36hh,IRQRHN9,pforgrj-m36hh-su@mailtest.gov.uk
pforg-a96ai,E3ERTLK,pforg-a96ai-su@mailtest.gov.uk,pforg-a96ai-user0@mailinator.com,Pass19word,pforgrj-40g9n,PCS4H2W,pforgrj-40g9n-su@mailtest.gov.uk
pforg-exyqx,0R0C3QS,pforg-exyqx-su@mailtest.gov.uk,pforg-exyqx-user0@mailinator.com,Pass19word,pforgrj-apjo0,GVACH3U,pforgrj-apjo0-su@mailtest.gov.uk
pforg-w2k0m,BV4HGUX,pforg-w2k0m-su@mailtest.gov.uk,pforg-w2k0m-user0@mailinator.com,Pass19word,pforgrj-zcag3,GH17Y48,pforgrj-zcag3-su@mailtest.gov.uk
pforg-ssdd6,RM7KPNL,pforg-ssdd6-su@mailtest.gov.uk,pforg-ssdd6-user0@mailinator.com,Pass19word,pforgrj-f9a6r,JR2YPBH,pforgrj-f9a6r-su@mailtest.gov.uk
pforg-oahy3,IKRD5P2,pforg-oahy3-su@mailtest.gov.uk,pforg-oahy3-user0@mailinator.com,Pass19word,pforgrj-59xr6,R7YTHEC,pforgrj-59xr6-su@mailtest.gov.uk
pforg-zd5ei,6XNI9NJ,pforg-zd5ei-su@mailtest.gov.uk,pforg-zd5ei-user0@mailinator.com,Pass19word,pforgrj-vmql6,E1O52ST,pforgrj-vmql6-su@mailtest.gov.uk
pforg-68u5g,ONXJ1R9,pforg-68u5g-su@mailtest.gov.uk,pforg-68u5g-user0@mailinator.com,Pass19word,pforgrj-wcr52,ANQ2FCT,pforgrj-wcr52-su@mailtest.gov.uk
pforg-i2na5,I9HPOX4,pforg-i2na5-su@mailtest.gov.uk,pforg-i2na5-user0@mailinator.com,Pass19word,pforgrj-5putu,AUIUOJ0,pforgrj-5putu-su@mailtest.gov.uk
pforg-qh654,FXJINCW,pforg-qh654-su@mailtest.gov.uk,pforg-qh654-user0@mailinator.com,Pass19word,pforgrj-05dxg,B7CWQFH,pforgrj-05dxg-su@mailtest.gov.uk
pforg-m6bvr,Z5FTAEM,pforg-m6bvr-su@mailtest.gov.uk,pforg-m6bvr-user0@mailinator.com,Pass19word,pforgrj-7qe56,TXZ7QJR,pforgrj-7qe56-su@mailtest.gov.uk
pforg-qyiuo,HF3U91N,pforg-qyiuo-su@mailtest.gov.uk,pforg-qyiuo-user0@mailinator.com,Pass19word,pforgrj-8me0w,D7S38BE,pforgrj-8me0w-su@mailtest.gov.uk
pforg-xhxyo,2K2ICMB,pforg-xhxyo-su@mailtest.gov.uk,pforg-xhxyo-user0@mailinator.com,Pass19word,pforgrj-nmkei,VEYNA90,pforgrj-nmkei-su@mailtest.gov.uk
pforg-nlm12,RWFOWAD,pforg-nlm12-su@mailtest.gov.uk,pforg-nlm12-user0@mailinator.com,Pass19word,pforgrj-gchsy,SF3584A,pforgrj-gchsy-su@mailtest.gov.uk
pforg-8j6sw,5KZA6BH,pforg-8j6sw-su@mailtest.gov.uk,pforg-8j6sw-user0@mailinator.com,Pass19word,pforgrj-xikqh,M55O33I,pforgrj-xikqh-su@mailtest.gov.uk
pforg-0xuuv,3Q9XBXN,pforg-0xuuv-su@mailtest.gov.uk,pforg-0xuuv-user0@mailinator.com,Pass19word,pforgrj-hzuj8,8PUTRQX,pforgrj-hzuj8-su@mailtest.gov.uk
pforg-t4qsh,8HWOK4X,pforg-t4qsh-su@mailtest.gov.uk,pforg-t4qsh-user0@mailinator.com,Pass19word,pforgrj-ajeyp,R4AVHLA,pforgrj-ajeyp-su@mailtest.gov.uk
pforg-8l308,A8LKJTS,pforg-8l308-su@mailtest.gov.uk,pforg-8l308-user0@mailinator.com,Pass19word,pforgrj-x3lyg,SCY7R2T,pforgrj-x3lyg-su@mailtest.gov.uk
pforg-5tzw6,GZM14WL,pforg-5tzw6-su@mailtest.gov.uk,pforg-5tzw6-user0@mailinator.com,Pass19word,pforgrj-9l8nn,XJZQIQE,pforgrj-9l8nn-su@mailtest.gov.uk
pforg-ju9em,5M2JR4O,pforg-ju9em-su@mailtest.gov.uk,pforg-ju9em-user0@mailinator.com,Pass19word,pforgrj-i5epc,17ASHA7,pforgrj-i5epc-su@mailtest.gov.uk
pforg-ph2rv,WWVM61Q,pforg-ph2rv-su@mailtest.gov.uk,pforg-ph2rv-user0@mailinator.com,Pass19word,pforgrj-bzl6u,1M70DV1,pforgrj-bzl6u-su@mailtest.gov.uk
pforg-351ua,9DRWVZG,pforg-351ua-su@mailtest.gov.uk,pforg-351ua-user0@mailinator.com,Pass19word,pforgrj-7xgou,3HRP7RY,pforgrj-7xgou-su@mailtest.gov.uk
pforg-rez6y,QQ2L44W,pforg-rez6y-su@mailtest.gov.uk,pforg-rez6y-user0@mailinator.com,Pass19word,pforgrj-5m35e,6FZQNEF,pforgrj-5m35e-su@mailtest.gov.uk
pforg-ipr14,PR8C19A,pforg-ipr14-su@mailtest.gov.uk,pforg-ipr14-user0@mailinator.com,Pass19word,pforgrj-ihv2d,I3XUV5K,pforgrj-ihv2d-su@mailtest.gov.uk
pforg-0v9sf,4IYG172,pforg-0v9sf-su@mailtest.gov.uk,pforg-0v9sf-user0@mailinator.com,Pass19word,pforgrj-y007i,GOG2HHR,pforgrj-y007i-su@mailtest.gov.uk
pforg-e81s4,K2EIO7X,pforg-e81s4-su@mailtest.gov.uk,pforg-e81s4-user0@mailinator.com,Pass19word,pforgrj-ep6ai,RU740N7,pforgrj-ep6ai-su@mailtest.gov.uk
pforg-q0l40,OAHHR8Z,pforg-q0l40-su@mailtest.gov.uk,pforg-q0l40-user0@mailinator.com,Pass19word,pforgrj-ducn0,RNWELX3,pforgrj-ducn0-su@mailtest.gov.uk
pforg-d81pf,THOQOWE,pforg-d81pf-su@mailtest.gov.uk,pforg-d81pf-user0@mailinator.com,Pass19word,pforgrj-br2gq,AKPLS0G,pforgrj-br2gq-su@mailtest.gov.uk
pforg-sv48m,U2OMLV8,pforg-sv48m-su@mailtest.gov.uk,pforg-sv48m-user0@mailinator.com,Pass19word,pforgrj-frfwr,UMVTVF0,pforgrj-frfwr-su@mailtest.gov.uk
pforg-7fq73,HXO1JBJ,pforg-7fq73-su@mailtest.gov.uk,pforg-7fq73-user0@mailinator.com,Pass19word,pforgrj-8jkxs,WWZ9CE3,pforgrj-8jkxs-su@mailtest.gov.uk
pforg-y10xv,LW1XWJX,pforg-y10xv-su@mailtest.gov.uk,pforg-y10xv-user0@mailinator.com,Pass19word,pforgrj-zowd2,JBFYB2M,pforgrj-zowd2-su@mailtest.gov.uk
pforg-t72h0,MHU6KZC,pforg-t72h0-su@mailtest.gov.uk,pforg-t72h0-user0@mailinator.com,Pass19word,pforgrj-bli5i,6Z256XQ,pforgrj-bli5i-su@mailtest.gov.uk
pforg-dsl2q,OKPZ0YD,pforg-dsl2q-su@mailtest.gov.uk,pforg-dsl2q-user0@mailinator.com,Pass19word,pforgrj-w852b,Z3MHJTB,pforgrj-w852b-su@mailtest.gov.uk
pforg-atd6o,W3496W0,pforg-atd6o-su@mailtest.gov.uk,pforg-atd6o-user0@mailinator.com,Pass19word,pforgrj-dj1q9,2MOH4WJ,pforgrj-dj1q9-su@mailtest.gov.uk
pforg-qhj8d,V9O6K53,pforg-qhj8d-su@mailtest.gov.uk,pforg-qhj8d-user0@mailinator.com,Pass19word,pforgrj-4coqz,32HPQU6,pforgrj-4coqz-su@mailtest.gov.uk
pforg-oez1b,S51VNV3,pforg-oez1b-su@mailtest.gov.uk,pforg-oez1b-user0@mailinator.com,Pass19word,pforgrj-e1ey0,53YDVH2,pforgrj-e1ey0-su@mailtest.gov.uk
pforg-2g0x1,SDCKQBX,pforg-2g0x1-su@mailtest.gov.uk,pforg-2g0x1-user0@mailinator.com,Pass19word,pforgrj-cn4qi,VFNC6OK,pforgrj-cn4qi-su@mailtest.gov.uk
pforg-euwyl,O3QQZ5L,pforg-euwyl-su@mailtest.gov.uk,pforg-euwyl-user0@mailinator.com,Pass19word,pforgrj-yd425,7HBCMBP,pforgrj-yd425-su@mailtest.gov.uk
pforg-4vepb,BDMAS73,pforg-4vepb-su@mailtest.gov.uk,pforg-4vepb-user0@mailinator.com,Pass19word,pforgrj-8igkj,2H3OR3B,pforgrj-8igkj-su@mailtest.gov.uk
pforg-3ys6z,QWXPBM4,pforg-3ys6z-su@mailtest.gov.uk,pforg-3ys6z-user0@mailinator.com,Pass19word,pforgrj-9kf10,7WG0TRA,pforgrj-9kf10-su@mailtest.gov.uk
pforg-liyu7,P2UVR9F,pforg-liyu7-su@mailtest.gov.uk,pforg-liyu7-user0@mailinator.com,Pass19word,pforgrj-oboin,WUJ8KO6,pforgrj-oboin-su@mailtest.gov.uk
pforg-5j7sq,69KEKYO,pforg-5j7sq-su@mailtest.gov.uk,pforg-5j7sq-user0@mailinator.com,Pass19word,pforgrj-qzadt,N3VWREI,pforgrj-qzadt-su@mailtest.gov.uk
pforg-k98rz,IJRLDDT,pforg-k98rz-su@mailtest.gov.uk,pforg-k98rz-user0@mailinator.com,Pass19word,pforgrj-ptc54,GJ66Z0D,pforgrj-ptc54-su@mailtest.gov.uk
pforg-p5kgu,8PVKYAQ,pforg-p5kgu-su@mailtest.gov.uk,pforg-p5kgu-user0@mailinator.com,Pass19word,pforgrj-np9mf,LWA4FJF,pforgrj-np9mf-su@mailtest.gov.uk
pforg-caun2,X1OGLUF,pforg-caun2-su@mailtest.gov.uk,pforg-caun2-user0@mailinator.com,Pass19word,pforgrj-8429q,MZE7KU4,pforgrj-8429q-su@mailtest.gov.uk
pforg-rfwqs,1TVRQBB,pforg-rfwqs-su@mailtest.gov.uk,pforg-rfwqs-user0@mailinator.com,Pass19word,pforgrj-rk20i,F4BP4JQ,pforgrj-rk20i-su@mailtest.gov.uk
pforg-tagdd,FVSV7LU,pforg-tagdd-su@mailtest.gov.uk,pforg-tagdd-user0@mailinator.com,Pass19word,pforgrj-v3xoc,B7U826V,pforgrj-v3xoc-su@mailtest.gov.uk