user,password,jurisdiction,caseType,idamId
ccdloadtest751@gmail.com,Password12,PROBATE,GrantOfRepresentation,547315
ccdloadtest752@gmail.com,Password12,PROBATE,GrantOfRepresentation,547316
ccdloadtest753@gmail.com,Password12,PROBATE,GrantOfRepresentation,547317
ccdloadtest754@gmail.com,Password12,PROBATE,GrantOfRepresentation,547318
ccdloadtest755@gmail.com,Password12,PROBATE,GrantOfRepresentation,547319
ccdloadtest756@gmail.com,Password12,PROBATE,GrantOfRepresentation,547320
ccdloadtest757@gmail.com,Password12,PROBATE,GrantOfRepresentation,547321
ccdloadtest758@gmail.com,Password12,PROBATE,GrantOfRepresentation,547322
ccdloadtest759@gmail.com,Password12,PROBATE,GrantOfRepresentation,547323
ccdloadtest760@gmail.com,Password12,PROBATE,GrantOfRepresentation,547324
ccdloadtest762@gmail.com,Password12,PROBATE,GrantOfRepresentation,547326
ccdloadtest763@gmail.com,Password12,PROBATE,GrantOfRepresentation,547327
ccdloadtest764@gmail.com,Password12,PROBATE,GrantOfRepresentation,547328
ccdloadtest765@gmail.com,Password12,PROBATE,GrantOfRepresentation,547329
ccdloadtest766@gmail.com,Password12,PROBATE,GrantOfRepresentation,547330
ccdloadtest767@gmail.com,Password12,PROBATE,GrantOfRepresentation,547331
ccdloadtest768@gmail.com,Password12,PROBATE,GrantOfRepresentation,547332
ccdloadtest769@gmail.com,Password12,PROBATE,GrantOfRepresentation,547333
ccdloadtest770@gmail.com,Password12,PROBATE,GrantOfRepresentation,547334
ccdloadtest771@gmail.com,Password12,PROBATE,GrantOfRepresentation,547335
ccdloadtest772@gmail.com,Password12,PROBATE,GrantOfRepresentation,547336
ccdloadtest773@gmail.com,Password12,PROBATE,GrantOfRepresentation,547337
ccdloadtest774@gmail.com,Password12,PROBATE,GrantOfRepresentation,547338
ccdloadtest775@gmail.com,Password12,PROBATE,GrantOfRepresentation,547339
ccdloadtest776@gmail.com,Password12,PROBATE,GrantOfRepresentation,547340
ccdloadtest777@gmail.com,Password12,PROBATE,GrantOfRepresentation,547341
ccdloadtest778@gmail.com,Password12,PROBATE,GrantOfRepresentation,547342
ccdloadtest779@gmail.com,Password12,PROBATE,GrantOfRepresentation,547343
ccdloadtest780@gmail.com,Password12,PROBATE,GrantOfRepresentation,547344
ccdloadtest781@gmail.com,Password12,PROBATE,GrantOfRepresentation,547345
ccdloadtest782@gmail.com,Password12,PROBATE,GrantOfRepresentation,547346
ccdloadtest783@gmail.com,Password12,PROBATE,GrantOfRepresentation,547347
ccdloadtest784@gmail.com,Password12,PROBATE,GrantOfRepresentation,547348
ccdloadtest785@gmail.com,Password12,PROBATE,GrantOfRepresentation,547349
ccdloadtest786@gmail.com,Password12,PROBATE,GrantOfRepresentation,547350
ccdloadtest787@gmail.com,Password12,PROBATE,GrantOfRepresentation,547351
ccdloadtest788@gmail.com,Password12,PROBATE,GrantOfRepresentation,547352
ccdloadtest789@gmail.com,Password12,PROBATE,GrantOfRepresentation,547353
ccdloadtest790@gmail.com,Password12,PROBATE,GrantOfRepresentation,547354
ccdloadtest791@gmail.com,Password12,PROBATE,GrantOfRepresentation,547355
ccdloadtest792@gmail.com,Password12,PROBATE,GrantOfRepresentation,547356
ccdloadtest793@gmail.com,Password12,PROBATE,GrantOfRepresentation,547357
ccdloadtest794@gmail.com,Password12,PROBATE,GrantOfRepresentation,547358
ccdloadtest795@gmail.com,Password12,PROBATE,GrantOfRepresentation,547359
ccdloadtest796@gmail.com,Password12,PROBATE,GrantOfRepresentation,547360
ccdloadtest797@gmail.com,Password12,PROBATE,GrantOfRepresentation,547361
ccdloadtest798@gmail.com,Password12,PROBATE,GrantOfRepresentation,547362
ccdloadtest799@gmail.com,Password12,PROBATE,GrantOfRepresentation,547363
ccdloadtest800@gmail.com,Password12,PROBATE,GrantOfRepresentation,547364
ccdloadtest801@gmail.com,Password12,PROBATE,GrantOfRepresentation,550456
ccdloadtest802@gmail.com,Password12,PROBATE,GrantOfRepresentation,550457
ccdloadtest803@gmail.com,Password12,PROBATE,GrantOfRepresentation,550458
ccdloadtest804@gmail.com,Password12,PROBATE,GrantOfRepresentation,550459
ccdloadtest805@gmail.com,Password12,PROBATE,GrantOfRepresentation,550460
ccdloadtest806@gmail.com,Password12,PROBATE,GrantOfRepresentation,550461
ccdloadtest807@gmail.com,Password12,PROBATE,GrantOfRepresentation,550462
ccdloadtest808@gmail.com,Password12,PROBATE,GrantOfRepresentation,550463
ccdloadtest809@gmail.com,Password12,PROBATE,GrantOfRepresentation,550464
ccdloadtest810@gmail.com,Password12,PROBATE,GrantOfRepresentation,550465
ccdloadtest811@gmail.com,Password12,PROBATE,GrantOfRepresentation,550466
ccdloadtest812@gmail.com,Password12,PROBATE,GrantOfRepresentation,550467
ccdloadtest813@gmail.com,Password12,PROBATE,GrantOfRepresentation,550468
ccdloadtest814@gmail.com,Password12,PROBATE,GrantOfRepresentation,550469
ccdloadtest815@gmail.com,Password12,PROBATE,GrantOfRepresentation,550470
ccdloadtest816@gmail.com,Password12,PROBATE,GrantOfRepresentation,550471
ccdloadtest817@gmail.com,Password12,PROBATE,GrantOfRepresentation,550472
ccdloadtest818@gmail.com,Password12,PROBATE,GrantOfRepresentation,550473
ccdloadtest819@gmail.com,Password12,PROBATE,GrantOfRepresentation,550474
ccdloadtest820@gmail.com,Password12,PROBATE,GrantOfRepresentation,550475
ccdloadtest821@gmail.com,Password12,PROBATE,GrantOfRepresentation,550476
ccdloadtest822@gmail.com,Password12,PROBATE,GrantOfRepresentation,550477
ccdloadtest823@gmail.com,Password12,PROBATE,GrantOfRepresentation,550478
ccdloadtest824@gmail.com,Password12,PROBATE,GrantOfRepresentation,550479
ccdloadtest825@gmail.com,Password12,PROBATE,GrantOfRepresentation,550480
ccdloadtest826@gmail.com,Password12,PROBATE,GrantOfRepresentation,550481
ccdloadtest827@gmail.com,Password12,PROBATE,GrantOfRepresentation,550482
ccdloadtest828@gmail.com,Password12,PROBATE,GrantOfRepresentation,550483
ccdloadtest829@gmail.com,Password12,PROBATE,GrantOfRepresentation,550484
ccdloadtest830@gmail.com,Password12,PROBATE,GrantOfRepresentation,550485
ccdloadtest831@gmail.com,Password12,PROBATE,GrantOfRepresentation,550486
ccdloadtest832@gmail.com,Password12,PROBATE,GrantOfRepresentation,550487
ccdloadtest833@gmail.com,Password12,PROBATE,GrantOfRepresentation,550488
ccdloadtest834@gmail.com,Password12,PROBATE,GrantOfRepresentation,550489
ccdloadtest835@gmail.com,Password12,PROBATE,GrantOfRepresentation,550490
ccdloadtest836@gmail.com,Password12,PROBATE,GrantOfRepresentation,550491
ccdloadtest837@gmail.com,Password12,PROBATE,GrantOfRepresentation,550492
ccdloadtest838@gmail.com,Password12,PROBATE,GrantOfRepresentation,550493
ccdloadtest839@gmail.com,Password12,PROBATE,GrantOfRepresentation,550494
ccdloadtest840@gmail.com,Password12,PROBATE,GrantOfRepresentation,550495
ccdloadtest841@gmail.com,Password12,PROBATE,GrantOfRepresentation,550496
ccdloadtest842@gmail.com,Password12,PROBATE,GrantOfRepresentation,550497
ccdloadtest843@gmail.com,Password12,PROBATE,GrantOfRepresentation,550498
ccdloadtest844@gmail.com,Password12,PROBATE,GrantOfRepresentation,550499
ccdloadtest845@gmail.com,Password12,PROBATE,GrantOfRepresentation,550500
ccdloadtest846@gmail.com,Password12,PROBATE,GrantOfRepresentation,550501
ccdloadtest847@gmail.com,Password12,PROBATE,GrantOfRepresentation,550502
ccdloadtest848@gmail.com,Password12,PROBATE,GrantOfRepresentation,550503
ccdloadtest849@gmail.com,Password12,PROBATE,GrantOfRepresentation,550504
ccdloadtest850@gmail.com,Password12,PROBATE,GrantOfRepresentation,550505
ccdloadtest851@gmail.com,Password12,PROBATE,GrantOfRepresentation,550506
ccdloadtest852@gmail.com,Password12,PROBATE,GrantOfRepresentation,550507
ccdloadtest853@gmail.com,Password12,PROBATE,GrantOfRepresentation,550508
ccdloadtest854@gmail.com,Password12,PROBATE,GrantOfRepresentation,550509
ccdloadtest855@gmail.com,Password12,PROBATE,GrantOfRepresentation,550510
ccdloadtest856@gmail.com,Password12,PROBATE,GrantOfRepresentation,550511
ccdloadtest857@gmail.com,Password12,PROBATE,GrantOfRepresentation,550512
ccdloadtest858@gmail.com,Password12,PROBATE,GrantOfRepresentation,550513
ccdloadtest859@gmail.com,Password12,PROBATE,GrantOfRepresentation,550514
ccdloadtest860@gmail.com,Password12,PROBATE,GrantOfRepresentation,550515
ccdloadtest861@gmail.com,Password12,PROBATE,GrantOfRepresentation,550516
ccdloadtest862@gmail.com,Password12,PROBATE,GrantOfRepresentation,550517
ccdloadtest863@gmail.com,Password12,PROBATE,GrantOfRepresentation,550518
ccdloadtest864@gmail.com,Password12,PROBATE,GrantOfRepresentation,550519
ccdloadtest865@gmail.com,Password12,PROBATE,GrantOfRepresentation,550520
ccdloadtest866@gmail.com,Password12,PROBATE,GrantOfRepresentation,550521
ccdloadtest867@gmail.com,Password12,PROBATE,GrantOfRepresentation,550522
ccdloadtest868@gmail.com,Password12,PROBATE,GrantOfRepresentation,550523
ccdloadtest869@gmail.com,Password12,PROBATE,GrantOfRepresentation,550524
ccdloadtest870@gmail.com,Password12,PROBATE,GrantOfRepresentation,550525
ccdloadtest871@gmail.com,Password12,PROBATE,GrantOfRepresentation,550526
ccdloadtest872@gmail.com,Password12,PROBATE,GrantOfRepresentation,550527
ccdloadtest873@gmail.com,Password12,PROBATE,GrantOfRepresentation,550528
ccdloadtest874@gmail.com,Password12,PROBATE,GrantOfRepresentation,550529
ccdloadtest875@gmail.com,Password12,PROBATE,GrantOfRepresentation,550530
ccdloadtest876@gmail.com,Password12,PROBATE,GrantOfRepresentation,550531
ccdloadtest877@gmail.com,Password12,PROBATE,GrantOfRepresentation,550532
ccdloadtest878@gmail.com,Password12,PROBATE,GrantOfRepresentation,550533
ccdloadtest879@gmail.com,Password12,PROBATE,GrantOfRepresentation,550534
ccdloadtest880@gmail.com,Password12,PROBATE,GrantOfRepresentation,550535
ccdloadtest881@gmail.com,Password12,PROBATE,GrantOfRepresentation,550536
ccdloadtest882@gmail.com,Password12,PROBATE,GrantOfRepresentation,550537
ccdloadtest883@gmail.com,Password12,PROBATE,GrantOfRepresentation,550538
ccdloadtest884@gmail.com,Password12,PROBATE,GrantOfRepresentation,550539
ccdloadtest885@gmail.com,Password12,PROBATE,GrantOfRepresentation,550540
ccdloadtest886@gmail.com,Password12,PROBATE,GrantOfRepresentation,550541
ccdloadtest887@gmail.com,Password12,PROBATE,GrantOfRepresentation,550542
ccdloadtest888@gmail.com,Password12,PROBATE,GrantOfRepresentation,550543
ccdloadtest889@gmail.com,Password12,PROBATE,GrantOfRepresentation,550544
ccdloadtest890@gmail.com,Password12,PROBATE,GrantOfRepresentation,550545
ccdloadtest891@gmail.com,Password12,PROBATE,GrantOfRepresentation,550546
ccdloadtest892@gmail.com,Password12,PROBATE,GrantOfRepresentation,550547
ccdloadtest893@gmail.com,Password12,PROBATE,GrantOfRepresentation,550548
ccdloadtest894@gmail.com,Password12,PROBATE,GrantOfRepresentation,550549
ccdloadtest895@gmail.com,Password12,PROBATE,GrantOfRepresentation,550550
ccdloadtest896@gmail.com,Password12,PROBATE,GrantOfRepresentation,550551
ccdloadtest897@gmail.com,Password12,PROBATE,GrantOfRepresentation,550552
ccdloadtest898@gmail.com,Password12,PROBATE,GrantOfRepresentation,550553
ccdloadtest899@gmail.com,Password12,PROBATE,GrantOfRepresentation,550554
ccdloadtest900@gmail.com,Password12,PROBATE,GrantOfRepresentation,550555
ccdloadtest901@gmail.com,Password12,PROBATE,GrantOfRepresentation,550556
ccdloadtest902@gmail.com,Password12,PROBATE,GrantOfRepresentation,550557
ccdloadtest903@gmail.com,Password12,PROBATE,GrantOfRepresentation,550558
ccdloadtest904@gmail.com,Password12,PROBATE,GrantOfRepresentation,550559
ccdloadtest905@gmail.com,Password12,PROBATE,GrantOfRepresentation,550560
ccdloadtest906@gmail.com,Password12,PROBATE,GrantOfRepresentation,550561
ccdloadtest907@gmail.com,Password12,PROBATE,GrantOfRepresentation,550562
ccdloadtest908@gmail.com,Password12,PROBATE,GrantOfRepresentation,550563
ccdloadtest909@gmail.com,Password12,PROBATE,GrantOfRepresentation,550564
ccdloadtest910@gmail.com,Password12,PROBATE,GrantOfRepresentation,550565
ccdloadtest911@gmail.com,Password12,PROBATE,GrantOfRepresentation,550566
ccdloadtest912@gmail.com,Password12,PROBATE,GrantOfRepresentation,550567
ccdloadtest913@gmail.com,Password12,PROBATE,GrantOfRepresentation,550568
ccdloadtest914@gmail.com,Password12,PROBATE,GrantOfRepresentation,550569
ccdloadtest915@gmail.com,Password12,PROBATE,GrantOfRepresentation,550570
ccdloadtest916@gmail.com,Password12,PROBATE,GrantOfRepresentation,550571
ccdloadtest917@gmail.com,Password12,PROBATE,GrantOfRepresentation,550572
ccdloadtest918@gmail.com,Password12,PROBATE,GrantOfRepresentation,550573
ccdloadtest919@gmail.com,Password12,PROBATE,GrantOfRepresentation,550574
ccdloadtest920@gmail.com,Password12,PROBATE,GrantOfRepresentation,550575
ccdloadtest921@gmail.com,Password12,PROBATE,GrantOfRepresentation,550576
ccdloadtest922@gmail.com,Password12,PROBATE,GrantOfRepresentation,550577
ccdloadtest923@gmail.com,Password12,PROBATE,GrantOfRepresentation,550578
ccdloadtest924@gmail.com,Password12,PROBATE,GrantOfRepresentation,550579
ccdloadtest925@gmail.com,Password12,PROBATE,GrantOfRepresentation,550580
ccdloadtest926@gmail.com,Password12,PROBATE,GrantOfRepresentation,550581
ccdloadtest927@gmail.com,Password12,PROBATE,GrantOfRepresentation,550582
ccdloadtest928@gmail.com,Password12,PROBATE,GrantOfRepresentation,550583
ccdloadtest929@gmail.com,Password12,PROBATE,GrantOfRepresentation,550584
ccdloadtest930@gmail.com,Password12,PROBATE,GrantOfRepresentation,550585
ccdloadtest931@gmail.com,Password12,PROBATE,GrantOfRepresentation,550586
ccdloadtest932@gmail.com,Password12,PROBATE,GrantOfRepresentation,550587
ccdloadtest933@gmail.com,Password12,PROBATE,GrantOfRepresentation,550588
ccdloadtest934@gmail.com,Password12,PROBATE,GrantOfRepresentation,550589
ccdloadtest935@gmail.com,Password12,PROBATE,GrantOfRepresentation,550590
ccdloadtest936@gmail.com,Password12,PROBATE,GrantOfRepresentation,550591
ccdloadtest937@gmail.com,Password12,PROBATE,GrantOfRepresentation,550592
ccdloadtest938@gmail.com,Password12,PROBATE,GrantOfRepresentation,550593
ccdloadtest939@gmail.com,Password12,PROBATE,GrantOfRepresentation,550594
ccdloadtest940@gmail.com,Password12,PROBATE,GrantOfRepresentation,550595
ccdloadtest941@gmail.com,Password12,PROBATE,GrantOfRepresentation,550596
ccdloadtest942@gmail.com,Password12,PROBATE,GrantOfRepresentation,550597
ccdloadtest943@gmail.com,Password12,PROBATE,GrantOfRepresentation,550598
ccdloadtest944@gmail.com,Password12,PROBATE,GrantOfRepresentation,550599
ccdloadtest945@gmail.com,Password12,PROBATE,GrantOfRepresentation,550600
ccdloadtest946@gmail.com,Password12,PROBATE,GrantOfRepresentation,550601
ccdloadtest947@gmail.com,Password12,PROBATE,GrantOfRepresentation,550602
ccdloadtest948@gmail.com,Password12,PROBATE,GrantOfRepresentation,550603
ccdloadtest949@gmail.com,Password12,PROBATE,GrantOfRepresentation,550604
ccdloadtest950@gmail.com,Password12,PROBATE,GrantOfRepresentation,550605
ccdloadtest951@gmail.com,Password12,PROBATE,GrantOfRepresentation,550606
ccdloadtest952@gmail.com,Password12,PROBATE,GrantOfRepresentation,550607
ccdloadtest953@gmail.com,Password12,PROBATE,GrantOfRepresentation,550608
ccdloadtest954@gmail.com,Password12,PROBATE,GrantOfRepresentation,550609
ccdloadtest955@gmail.com,Password12,PROBATE,GrantOfRepresentation,550610
ccdloadtest956@gmail.com,Password12,PROBATE,GrantOfRepresentation,550611
ccdloadtest957@gmail.com,Password12,PROBATE,GrantOfRepresentation,550612
ccdloadtest958@gmail.com,Password12,PROBATE,GrantOfRepresentation,550613
ccdloadtest959@gmail.com,Password12,PROBATE,GrantOfRepresentation,550614
ccdloadtest960@gmail.com,Password12,PROBATE,GrantOfRepresentation,550615
ccdloadtest961@gmail.com,Password12,PROBATE,GrantOfRepresentation,550616
ccdloadtest962@gmail.com,Password12,PROBATE,GrantOfRepresentation,550617
ccdloadtest963@gmail.com,Password12,PROBATE,GrantOfRepresentation,550618
ccdloadtest964@gmail.com,Password12,PROBATE,GrantOfRepresentation,550619
ccdloadtest965@gmail.com,Password12,PROBATE,GrantOfRepresentation,550620
ccdloadtest966@gmail.com,Password12,PROBATE,GrantOfRepresentation,550621
ccdloadtest967@gmail.com,Password12,PROBATE,GrantOfRepresentation,550622
ccdloadtest968@gmail.com,Password12,PROBATE,GrantOfRepresentation,550623
ccdloadtest969@gmail.com,Password12,PROBATE,GrantOfRepresentation,550624
ccdloadtest970@gmail.com,Password12,PROBATE,GrantOfRepresentation,550625
ccdloadtest971@gmail.com,Password12,PROBATE,GrantOfRepresentation,550626
ccdloadtest972@gmail.com,Password12,PROBATE,GrantOfRepresentation,550627
ccdloadtest973@gmail.com,Password12,PROBATE,GrantOfRepresentation,550628
ccdloadtest974@gmail.com,Password12,PROBATE,GrantOfRepresentation,550629
ccdloadtest975@gmail.com,Password12,PROBATE,GrantOfRepresentation,550630
ccdloadtest976@gmail.com,Password12,PROBATE,GrantOfRepresentation,550631
ccdloadtest977@gmail.com,Password12,PROBATE,GrantOfRepresentation,550632
ccdloadtest978@gmail.com,Password12,PROBATE,GrantOfRepresentation,550633
ccdloadtest979@gmail.com,Password12,PROBATE,GrantOfRepresentation,550634
ccdloadtest980@gmail.com,Password12,PROBATE,GrantOfRepresentation,550635
ccdloadtest981@gmail.com,Password12,PROBATE,GrantOfRepresentation,550636
ccdloadtest982@gmail.com,Password12,PROBATE,GrantOfRepresentation,550637
ccdloadtest983@gmail.com,Password12,PROBATE,GrantOfRepresentation,550638
ccdloadtest984@gmail.com,Password12,PROBATE,GrantOfRepresentation,550639
ccdloadtest985@gmail.com,Password12,PROBATE,GrantOfRepresentation,550640
ccdloadtest986@gmail.com,Password12,PROBATE,GrantOfRepresentation,550641
ccdloadtest987@gmail.com,Password12,PROBATE,GrantOfRepresentation,550642
ccdloadtest988@gmail.com,Password12,PROBATE,GrantOfRepresentation,550643
ccdloadtest989@gmail.com,Password12,PROBATE,GrantOfRepresentation,550644
ccdloadtest990@gmail.com,Password12,PROBATE,GrantOfRepresentation,550645
ccdloadtest991@gmail.com,Password12,PROBATE,GrantOfRepresentation,550646
ccdloadtest992@gmail.com,Password12,PROBATE,GrantOfRepresentation,550647
ccdloadtest993@gmail.com,Password12,PROBATE,GrantOfRepresentation,550648
ccdloadtest994@gmail.com,Password12,PROBATE,GrantOfRepresentation,550649
ccdloadtest995@gmail.com,Password12,PROBATE,GrantOfRepresentation,550650
ccdloadtest996@gmail.com,Password12,PROBATE,GrantOfRepresentation,550651
ccdloadtest997@gmail.com,Password12,PROBATE,GrantOfRepresentation,550652
ccdloadtest998@gmail.com,Password12,PROBATE,GrantOfRepresentation,550653
ccdloadtest999@gmail.com,Password12,PROBATE,GrantOfRepresentation,550654
ccdloadtest1000@gmail.com,Password12,PROBATE,GrantOfRepresentation,550655